,concept,language,word,ID,cc
190,I,ARMENIAN_CLASSICAL,es,190,I:0
192,I,WESTERN_ARMENIAN,yes,192,I:0
191,I,EASTERN_ARMENIAN,yes,191,I:0
218,I,NONES_GARDENESE,ye,218,I:1
217,I,NONES_FASSANO,Ze,217,I:1
209,I,JUDEO_ESPAGNOL,yo,209,I:1
208,I,ITALIAN_GROSSETO_TUSCAN,io,208,I:1
207,I,ITALIAN,io,207,I:1
206,I,GASCON,jo,206,I:1
205,I,FRIULIAN,yo,205,I:1
204,I,FRENCH,j3,204,I:1
198,I,CATALAN_2,Zo,198,I:1
197,I,CATALAN,Zo,197,I:1
196,I,BALEAR_CATALAN,jo,196,I:1
195,I,ASTURIAN,yo,195,I:1
194,I,ARPITAN,Z3,194,I:1
193,I,ARAGONESE,yo,193,I:1
200,I,DALMATIAN,yu,200,I:1
227,I,ROMANIAN_MEGLENO,yo,227,I:1
219,I,OCCITAN_ARANESE,Zu,219,I:1
238,I,VALENCIAN,yo,238,I:1
237,I,TURIA_AROMANIAN,yo,237,I:1
236,I,SPANISH,yo,236,I:1
235,I,SICILIAN_UnnamedInSource,iu,235,I:1
199,I,CORSICAN,eyu,199,I:2
215,I,NEAPOLITAN_CALABRESE,iy3,215,I:2
201,I,EMILIANO_CARPIGIANO,mE,201,I:3
202,I,EMILIANO_FERRARESE,mi,202,I:3
203,I,EMILIANO_REGGIANO,me,203,I:3
210,I,LIGURIAN_GENOESE,mi,210,I:3
211,I,LIGURIAN_RAPALLO,mi,211,I:3
212,I,LIGURIAN_STELLA,mi,212,I:3
214,I,LOMBARD_PLESIO,mi,214,I:3
213,I,LOMBARD_BERGAMO,me,213,I:3
220,I,PIEMONTESE_BARBANIA,mi,220,I:3
221,I,PIEMONTESE_CARMAGNOLA,mi,221,I:3
222,I,PIEMONTESE_LANZO_TORINESE,mi,222,I:3
223,I,PIEMONTESE_VERCELLESE,mi,223,I:3
225,I,ROMAGNOL_RAVENNATE,me,225,I:3
216,I,NONES,mi,216,I:3
239,I,VLACH,eu,239,I:4
231,I,ROMANSH_VALLADER,Ew,231,I:4
224,I,PORTUGUESE,eu,224,I:4
226,I,ROMANIAN_2,ew,226,I:4
233,I,SARDINIAN_CAMPIDANESE,dEw,233,I:4
232,I,SARDINIAN,deo,232,I:5
230,I,ROMANSH_SURSILVAN,yEu,230,I:5
228,I,ROMANSH_GRISHUN,yaw,228,I:5
234,I,SARDINIAN_LOGUDARESE,deo,234,I:5
229,I,ROMANSH_SURMIRAN,i3,229,I:6
2003,blood,WESTERN_ARMENIAN,arun,2003,blood:0
2002,blood,EASTERN_ARMENIAN,arun,2002,blood:0
2001,blood,ARMENIAN_CLASSICAL,ariun,2001,blood:0
2006,blood,ASTURIAN,saNgre,2006,blood:1
2005,blood,ARPITAN,so,2005,blood:1
2004,blood,ARAGONESE,saNgre,2004,blood:1
2007,blood,BALEAR_CATALAN,saN,2007,blood:1
2053,blood,VLACH,sinca,2053,blood:1
2052,blood,VALENCIAN,saN,2052,blood:1
2008,blood,CATALAN,saN,2008,blood:1
2026,blood,LOMBARD_BERGAMO,sank,2026,blood:1
2027,blood,LOMBARD_PLESIO,sank,2027,blood:1
2028,blood,NEAPOLITAN_CALABRESE,sang3,2028,blood:1
2029,blood,NONES,saN,2029,blood:1
2030,blood,NONES_FASSANO,saNk,2030,blood:1
2031,blood,NONES_GARDENESE,saNk,2031,blood:1
2032,blood,OCCITAN_ARANESE,saN,2032,blood:1
2033,blood,PIEMONTESE_BARBANIA,saNg,2033,blood:1
2034,blood,PIEMONTESE_CARMAGNOLA,saNg,2034,blood:1
2035,blood,PIEMONTESE_LANZO_TORINESE,saNg,2035,blood:1
2036,blood,PIEMONTESE_VERCELLESE,saN,2036,blood:1
2037,blood,PORTUGUESE,sax3,2037,blood:1
2024,blood,LIGURIAN_RAPALLO,saNgwe,2024,blood:1
2038,blood,ROMAGNOL_RAVENNATE,saNgv,2038,blood:1
2040,blood,ROMANIAN_2,s3nje,2040,blood:1
2041,blood,ROMANIAN_MEGLENO,sonzi,2041,blood:1
2042,blood,ROMANSH_GRISHUN,saNk,2042,blood:1
2043,blood,ROMANSH_SURMIRAN,saNk,2043,blood:1
2044,blood,ROMANSH_SURSILVAN,sauN,2044,blood:1
2045,blood,ROMANSH_VALLADER,saNk,2045,blood:1
2046,blood,SARDINIAN,sambene,2046,blood:1
2047,blood,SARDINIAN_CAMPIDANESE,SaNguni,2047,blood:1
2048,blood,SARDINIAN_LOGUDARESE,sambene,2048,blood:1
2049,blood,SICILIAN_UnnamedInSource,saNgu,2049,blood:1
2050,blood,SPANISH,sangre,2050,blood:1
2051,blood,TURIA_AROMANIAN,sani,2051,blood:1
2039,blood,ROMANIAN,s3nje,2039,blood:1
2023,blood,LIGURIAN_GENOESE,saNgwe,2023,blood:1
2025,blood,LIGURIAN_STELLA,saNgwe,2025,blood:1
2021,blood,JUDEO_ESPAGNOL,saNgre,2021,blood:1
2022,blood,LANGUEDOCIEN,saN,2022,blood:1
2010,blood,CORSICAN,saNgwi,2010,blood:1
2011,blood,DALMATIAN,suoNg,2011,blood:1
2012,blood,EMILIANO_CARPIGIANO,saNgev,2012,blood:1
2013,blood,EMILIANO_FERRARESE,saNg,2013,blood:1
2014,blood,EMILIANO_REGGIANO,saNgov,2014,blood:1
2009,blood,CATALAN_2,saN,2009,blood:1
2016,blood,FRIULIAN,saNk,2016,blood:1
2017,blood,GALICIAN,saNge,2017,blood:1
2018,blood,GASCON,saN,2018,blood:1
2019,blood,ITALIAN,saNgwe,2019,blood:1
2020,blood,ITALIAN_GROSSETO_TUSCAN,sangwe,2020,blood:1
2015,blood,FRENCH,sa,2015,blood:1
595,bone,ARMENIAN_CLASSICAL,oskr,595,bone:0
596,bone,EASTERN_ARMENIAN,voskor,596,bone:0
597,bone,WESTERN_ARMENIAN,vosgor,597,bone:0
614,bone,JUDEO_ESPAGNOL,gueso,614,bone:1
644,bone,TURIA_AROMANIAN,os,644,bone:1
643,bone,SPANISH,weso,643,bone:1
642,bone,SICILIAN_UnnamedInSource,osu,642,bone:1
640,bone,SARDINIAN_CAMPIDANESE,osu,640,bone:1
639,bone,SARDINIAN,osu,639,bone:1
638,bone,ROMANSH_VALLADER,os,638,bone:1
632,bone,ROMANIAN,os,632,bone:1
635,bone,ROMANSH_GRISHUN,os,635,bone:1
634,bone,ROMANIAN_MEGLENO,wos,634,bone:1
633,bone,ROMANIAN_2,os,633,bone:1
631,bone,ROMAGNOL_RAVENNATE,os,631,bone:1
630,bone,PORTUGUESE,osu,630,bone:1
629,bone,PIEMONTESE_VERCELLESE,os,629,bone:1
645,bone,VALENCIAN,os,645,bone:1
636,bone,ROMANSH_SURMIRAN,os,636,bone:1
641,bone,SARDINIAN_LOGUDARESE,osu,641,bone:1
615,bone,LANGUEDOCIEN,os,615,bone:1
617,bone,LIGURIAN_RAPALLO,osu,617,bone:1
628,bone,PIEMONTESE_LANZO_TORINESE,os,628,bone:1
627,bone,PIEMONTESE_CARMAGNOLA,os,627,bone:1
626,bone,PIEMONTESE_BARBANIA,os,626,bone:1
625,bone,OCCITAN_ARANESE,os,625,bone:1
624,bone,NONES_GARDENESE,os,624,bone:1
623,bone,NONES_FASSANO,os,623,bone:1
622,bone,NONES,os,622,bone:1
621,bone,NEAPOLITAN_CALABRESE,wos3,621,bone:1
620,bone,LOMBARD_PLESIO,os,620,bone:1
619,bone,LOMBARD_BERGAMO,os,619,bone:1
618,bone,LIGURIAN_STELLA,osu,618,bone:1
616,bone,LIGURIAN_GENOESE,Esu,616,bone:1
599,bone,ASTURIAN,uesu,599,bone:1
600,bone,BALEAR_CATALAN,os,600,bone:1
598,bone,ARAGONESE,geso,598,bone:1
602,bone,CATALAN_2,os,602,bone:1
613,bone,ITALIAN_GROSSETO_TUSCAN,oso,613,bone:1
612,bone,ITALIAN,osso,612,bone:1
611,bone,GASCON,os,611,bone:1
610,bone,GALICIAN,oso,610,bone:1
601,bone,CATALAN,os,601,bone:1
608,bone,FRENCH,os,608,bone:1
609,bone,FRIULIAN,ves,609,bone:1
606,bone,EMILIANO_FERRARESE,os,606,bone:1
605,bone,EMILIANO_CARPIGIANO,os,605,bone:1
604,bone,DALMATIAN,vuas,604,bone:1
603,bone,CORSICAN,osu,603,bone:1
607,bone,EMILIANO_REGGIANO,os,607,bone:1
637,bone,ROMANSH_SURSILVAN,ies,637,bone:2
94,breast,WESTERN_ARMENIAN,gurck,94,breast:0
92,breast,ARMENIAN_CLASSICAL,kurtsk,92,breast:0
93,breast,EASTERN_ARMENIAN,kurck,93,breast:0
97,breast,CATALAN,pit,97,breast:1
96,breast,ASTURIAN,peCu,96,breast:1
100,breast,EMILIANO_CARPIGIANO,pEt,100,breast:1
98,breast,CORSICAN,petu,98,breast:1
95,breast,ARAGONESE,peito,95,breast:1
99,breast,DALMATIAN,piat,99,breast:1
131,breast,ROMANSH_SURSILVAN,pEc,131,breast:1
101,breast,EMILIANO_FERRARESE,pEt,101,breast:1
125,breast,ROMAGNOL_RAVENNATE,pE3t,125,breast:1
126,breast,ROMANIAN,pept,126,breast:1
128,breast,ROMANIAN_MEGLENO,Ciept,128,breast:1
129,breast,ROMANSH_GRISHUN,pET,129,breast:1
130,breast,ROMANSH_SURMIRAN,pET,130,breast:1
122,breast,PIEMONTESE_LANZO_TORINESE,pEt,122,breast:1
132,breast,ROMANSH_VALLADER,pet,132,breast:1
133,breast,SARDINIAN,petus,133,breast:1
134,breast,SARDINIAN_CAMPIDANESE,pitura,134,breast:1
135,breast,SARDINIAN_LOGUDARESE,petora,135,breast:1
136,breast,SICILIAN_UnnamedInSource,petu,136,breast:1
137,breast,SPANISH,peCo,137,breast:1
139,breast,VLACH,keptu,139,breast:1
119,breast,NONES_GARDENESE,pyet,119,breast:1
118,breast,NONES_FASSANO,pyet,118,breast:1
120,breast,PIEMONTESE_BARBANIA,pEt,120,breast:1
116,breast,NEAPOLITAN_CALABRESE,pyetE,116,breast:1
103,breast,FRENCH,patrin,103,breast:1
104,breast,FRIULIAN,pet,104,breast:1
113,breast,LIGURIAN_STELLA,pEtu,113,breast:1
105,breast,GALICIAN,pEito,105,breast:1
111,breast,LIGURIAN_GENOESE,petu,111,breast:1
109,breast,JUDEO_ESPAGNOL,peCo,109,breast:1
108,breast,ITALIAN_GROSSETO_TUSCAN,pEto,108,breast:1
107,breast,ITALIAN,pEtto,107,breast:1
115,breast,LOMBARD_PLESIO,StumEk,115,breast:2
123,breast,PIEMONTESE_VERCELLESE,stomik,123,breast:2
102,breast,EMILIANO_REGGIANO,stom3g,102,breast:2
121,breast,PIEMONTESE_CARMAGNOLA,stomi,121,breast:2
114,breast,LOMBARD_BERGAMO,stomEk,114,breast:2
106,breast,GASCON,pupo,106,breast:3
110,breast,LANGUEDOCIEN,pupo,110,breast:3
112,breast,LIGURIAN_RAPALLO,kaSeta,112,breast:4
117,breast,NONES,livEr,117,breast:5
124,breast,PORTUGUESE,saiuS,124,breast:6
127,breast,ROMANIAN_2,s3n,127,breast:7
138,breast,TURIA_AROMANIAN,caca,138,breast:8
141,come,EASTERN_ARMENIAN,ga,141,come:0
142,come,WESTERN_ARMENIAN,ka,142,come:0
168,come,NONES_FASSANO,ve5ir,168,come:1
188,come,SPANISH,veni,188,come:1
167,come,NONES,vEnEr,167,come:1
166,come,NEAPOLITAN_CALABRESE,v3ni,166,come:1
165,come,LOMBARD_PLESIO,ve5i,165,come:1
164,come,LOMBARD_BERGAMO,E5,164,come:1
163,come,LIGURIAN_STELLA,ve5i,163,come:1
162,come,LIGURIAN_RAPALLO,ve5i,162,come:1
161,come,LIGURIAN_GENOESE,ve5i,161,come:1
147,come,CATALAN_2,b3ni,147,come:1
160,come,LANGUEDOCIEN,bEni,160,come:1
158,come,ITALIAN_GROSSETO_TUSCAN,venire,158,come:1
157,come,ITALIAN,vEn,157,come:1
156,come,GASCON,biene,156,come:1
155,come,GALICIAN,bir,155,come:1
154,come,FRIULIAN,vi5ei,154,come:1
153,come,FRENCH,v3ni,153,come:1
189,come,VLACH,gini,189,come:1
159,come,JUDEO_ESPAGNOL,venir,159,come:1
148,come,CORSICAN,vEn,148,come:1
146,come,CATALAN,b3ni,146,come:1
171,come,PIEMONTESE_BARBANIA,vni,171,come:1
187,come,SICILIAN_UnnamedInSource,veniri,187,come:1
186,come,SARDINIAN_LOGUDARESE,benere,186,come:1
185,come,SARDINIAN_CAMPIDANESE,bEni,185,come:1
184,come,SARDINIAN,benere,184,come:1
143,come,ARAGONESE,benir,143,come:1
182,come,ROMANSH_SURSILVAN,ve5ir,182,come:1
144,come,ARPITAN,v35i,144,come:1
170,come,OCCITAN_ARANESE,bie,170,come:1
180,come,ROMANSH_GRISHUN,v35ir,180,come:1
178,come,ROMANIAN_2,veny,178,come:1
177,come,ROMANIAN,ven,177,come:1
176,come,ROMAGNOL_RAVENNATE,vni,176,come:1
175,come,PORTUGUESE,vir,175,come:1
145,come,ASTURIAN,venir,145,come:1
173,come,PIEMONTESE_LANZO_TORINESE,vni,173,come:1
172,come,PIEMONTESE_CARMAGNOLA,vni,172,come:1
179,come,ROMANIAN_MEGLENO,vin,179,come:1
149,come,DALMATIAN,venar,149,come:1
152,come,EMILIANO_REGGIANO,5ir,152,come:2
151,come,EMILIANO_FERRARESE,5ir,151,come:2
150,come,EMILIANO_CARPIGIANO,5ir,150,come:2
174,come,PIEMONTESE_VERCELLESE,5i,174,come:2
183,come,ROMANSH_VALLADER,5ir,183,come:2
169,come,NONES_GARDENESE,uni,169,come:3
181,come,ROMANSH_SURMIRAN,nEkr,181,come:4
140,come,ARMENIAN_CLASSICAL,zam,140,come:4
1266,die,EASTERN_ARMENIAN,vaCanve,1266,die:0
1294,die,NONES_FASSANO,mori,1294,die:1
1302,die,ROMAGNOL_RAVENNATE,muri,1302,die:1
1295,die,NONES_GARDENESE,muri,1295,die:1
1296,die,OCCITAN_ARANESE,muri,1296,die:1
1297,die,PIEMONTESE_BARBANIA,moyre,1297,die:1
1299,die,PIEMONTESE_LANZO_TORINESE,moyre,1299,die:1
1300,die,PIEMONTESE_VERCELLESE,mori,1300,die:1
1301,die,PORTUGUESE,mur,1301,die:1
1292,die,NEAPOLITAN_CALABRESE,muri,1292,die:1
1293,die,NONES,morir,1293,die:1
1303,die,ROMANIAN,mur,1303,die:1
1308,die,ROMANSH_SURSILVAN,murir,1308,die:1
1306,die,ROMANSH_GRISHUN,murir,1306,die:1
1307,die,ROMANSH_SURMIRAN,murEkr,1307,die:1
1309,die,ROMANSH_VALLADER,murir,1309,die:1
1310,die,SARDINIAN,morere,1310,die:1
1311,die,SARDINIAN_CAMPIDANESE,mori,1311,die:1
1312,die,SARDINIAN_LOGUDARESE,morere,1312,die:1
1313,die,SICILIAN_UnnamedInSource,moriri,1313,die:1
1314,die,SPANISH,mori,1314,die:1
1315,die,VALENCIAN,morir,1315,die:1
1316,die,VLACH,moru,1316,die:1
1291,die,LOMBARD_PLESIO,muri,1291,die:1
1305,die,ROMANIAN_MEGLENO,mor,1305,die:1
1290,die,LOMBARD_BERGAMO,mor,1290,die:1
1298,die,PIEMONTESE_CARMAGNOLA,moyre,1298,die:1
1288,die,LIGURIAN_RAPALLO,mui,1288,die:1
1267,die,WESTERN_ARMENIAN,merni,1267,die:1
1268,die,ARAGONESE,morir,1268,die:1
1269,die,ARPITAN,mori,1269,die:1
1270,die,ASTURIAN,morrer,1270,die:1
1271,die,BALEAR_CATALAN,muri,1271,die:1
1272,die,CATALAN,muri,1272,die:1
1273,die,CATALAN_2,muri,1273,die:1
1274,die,CORSICAN,mor,1274,die:1
1275,die,DALMATIAN,morar,1275,die:1
1276,die,EMILIANO_CARPIGIANO,murir,1276,die:1
1277,die,EMILIANO_FERRARESE,murir,1277,die:1
1289,die,LIGURIAN_STELLA,mii,1289,die:1
1279,die,FRENCH,muri,1279,die:1
1280,die,FRIULIAN,murei,1280,die:1
1281,die,GALICIAN,morer,1281,die:1
1278,die,EMILIANO_REGGIANO,murir,1278,die:1
1283,die,ITALIAN,mor,1283,die:1
1284,die,ITALIAN_GROSSETO_TUSCAN,morire,1284,die:1
1285,die,JUDEO_ESPAGNOL,murir,1285,die:1
1287,die,LIGURIAN_GENOESE,mui,1287,die:1
1286,die,LANGUEDOCIEN,kreba,1286,die:2
1282,die,GASCON,kreba,1282,die:2
1265,die,ARMENIAN_CLASSICAL,kornCim,1265,die:3
1304,die,ROMANIAN_2,deceda,1304,die:3
874,dog,LIGURIAN_STELLA,kaN,874,dog:0
875,dog,LOMBARD_BERGAMO,ka,875,dog:0
873,dog,LIGURIAN_RAPALLO,kaN,873,dog:0
872,dog,LIGURIAN_GENOESE,kaN,872,dog:0
871,dog,LANGUEDOCIEN,ka,871,dog:0
869,dog,ITALIAN_GROSSETO_TUSCAN,kane,869,dog:0
868,dog,ITALIAN,kane,868,dog:0
867,dog,GASCON,ka,867,dog:0
861,dog,EMILIANO_CARPIGIANO,kaN,861,dog:0
865,dog,FRIULIAN,CaN,865,dog:0
864,dog,FRENCH,Sia,864,dog:0
863,dog,EMILIANO_REGGIANO,kan,863,dog:0
862,dog,EMILIANO_FERRARESE,kan,862,dog:0
876,dog,LOMBARD_PLESIO,kaN,876,dog:0
860,dog,DALMATIAN,kuoN,860,dog:0
856,dog,BALEAR_CATALAN,ka,856,dog:0
854,dog,ARPITAN,Si,854,dog:0
853,dog,ARAGONESE,kan,853,dog:0
866,dog,GALICIAN,kan,866,dog:0
877,dog,NEAPOLITAN_CALABRESE,kan3,877,dog:0
883,dog,PIEMONTESE_CARMAGNOLA,kaN,883,dog:0
879,dog,NONES_FASSANO,Ta5,879,dog:0
898,dog,SICILIAN_UnnamedInSource,kani,898,dog:0
850,dog,ARMENIAN_CLASSICAL,San,850,dog:0
897,dog,SARDINIAN_LOGUDARESE,kane,897,dog:0
896,dog,SARDINIAN_CAMPIDANESE,kai,896,dog:0
895,dog,SARDINIAN,kane,895,dog:0
894,dog,ROMANSH_VALLADER,San,894,dog:0
893,dog,ROMANSH_SURSILVAN,Caun,893,dog:0
892,dog,ROMANSH_SURMIRAN,TaN,892,dog:0
891,dog,ROMANSH_GRISHUN,Tawn,891,dog:0
890,dog,ROMANIAN_MEGLENO,koyni,890,dog:0
889,dog,ROMANIAN_2,kaine,889,dog:0
888,dog,ROMANIAN,k3ne,888,dog:0
887,dog,ROMAGNOL_RAVENNATE,kan,887,dog:0
886,dog,PORTUGUESE,kau,886,dog:0
885,dog,PIEMONTESE_VERCELLESE,kaN,885,dog:0
884,dog,PIEMONTESE_LANZO_TORINESE,kaN,884,dog:0
882,dog,PIEMONTESE_BARBANIA,kaN,882,dog:0
881,dog,OCCITAN_ARANESE,kaN,881,dog:0
880,dog,NONES_GARDENESE,Ta5,880,dog:0
878,dog,NONES,cain,878,dog:0
851,dog,EASTERN_ARMENIAN,Sun,851,dog:1
852,dog,WESTERN_ARMENIAN,Sun,852,dog:1
855,dog,ASTURIAN,perru,855,dog:2
899,dog,SPANISH,pero,899,dog:2
870,dog,JUDEO_ESPAGNOL,perro,870,dog:2
900,dog,VALENCIAN,gos,900,dog:3
858,dog,CATALAN_2,gos,858,dog:3
857,dog,CATALAN,gos,857,dog:3
859,dog,CORSICAN,Takaru,859,dog:4
1474,drink,EASTERN_ARMENIAN,x3me,1474,drink:0
1475,drink,WESTERN_ARMENIAN,x3me,1475,drink:0
1495,drink,LIGURIAN_GENOESE,bEyve,1495,drink:1
1515,drink,ROMANSH_SURMIRAN,bev3r,1515,drink:1
1497,drink,LIGURIAN_STELLA,bEyve,1497,drink:1
1516,drink,ROMANSH_SURSILVAN,beibEr,1516,drink:1
1502,drink,NONES_FASSANO,beyver,1502,drink:1
1503,drink,NONES_GARDENESE,bev3r,1503,drink:1
1494,drink,LANGUEDOCIEN,bewre,1494,drink:1
1504,drink,OCCITAN_ARANESE,bEbe,1504,drink:1
1500,drink,NEAPOLITAN_CALABRESE,vEb3r3,1500,drink:1
1493,drink,JUDEO_ESPAGNOL,bever,1493,drink:1
1490,drink,GASCON,beore,1490,drink:1
1505,drink,PIEMONTESE_BARBANIA,bEyve,1505,drink:1
1489,drink,GALICIAN,beber,1489,drink:1
1488,drink,FRIULIAN,bevi,1488,drink:1
1486,drink,EMILIANO_REGGIANO,bEvEr,1486,drink:1
1485,drink,EMILIANO_FERRARESE,bEar,1485,drink:1
1484,drink,EMILIANO_CARPIGIANO,bEvEr,1484,drink:1
1483,drink,DALMATIAN,bar,1483,drink:1
1482,drink,CORSICAN,biy,1482,drink:1
1481,drink,CATALAN_2,bEur3,1481,drink:1
1480,drink,CATALAN,bEur3,1480,drink:1
1479,drink,BALEAR_CATALAN,bEur3,1479,drink:1
1478,drink,ASTURIAN,beber,1478,drink:1
1476,drink,ARAGONESE,beber,1476,drink:1
1491,drink,ITALIAN,bere,1491,drink:1
1506,drink,PIEMONTESE_CARMAGNOLA,bEyve,1506,drink:1
1496,drink,LIGURIAN_RAPALLO,bEye,1496,drink:1
1508,drink,PIEMONTESE_VERCELLESE,bevi,1508,drink:1
1507,drink,PIEMONTESE_LANZO_TORINESE,bEyve,1507,drink:1
1514,drink,ROMANSH_GRISHUN,bayv3r,1514,drink:1
1523,drink,VALENCIAN,bEure,1523,drink:1
1522,drink,SPANISH,bebe,1522,drink:1
1520,drink,SARDINIAN_LOGUDARESE,bufare,1520,drink:1
1519,drink,SARDINIAN_CAMPIDANESE,bufay,1519,drink:1
1518,drink,SARDINIAN,biere,1518,drink:1
1521,drink,SICILIAN_UnnamedInSource,biviri,1521,drink:1
1517,drink,ROMANSH_VALLADER,bayv3r,1517,drink:1
1509,drink,PORTUGUESE,b3b,1509,drink:1
1512,drink,ROMANIAN_2,bea,1512,drink:2
1510,drink,ROMAGNOL_RAVENNATE,be,1510,drink:2
1524,drink,VLACH,abea,1524,drink:2
1511,drink,ROMANIAN,bea,1511,drink:2
1477,drink,ARPITAN,bEa,1477,drink:2
1487,drink,FRENCH,ba,1487,drink:2
1492,drink,ITALIAN_GROSSETO_TUSCAN,bE,1492,drink:2
1513,drink,ROMANIAN_MEGLENO,beaw,1513,drink:2
1499,drink,LOMBARD_PLESIO,bef,1499,drink:3
1498,drink,LOMBARD_BERGAMO,bif,1498,drink:3
1501,drink,NONES,triNar,1501,drink:4
1473,drink,ARMENIAN_CLASSICAL,arbi,1473,drink:4
1631,ear,EASTERN_ARMENIAN,akanj,1631,ear:0
1632,ear,WESTERN_ARMENIAN,aganC,1632,ear:0
1682,ear,VLACH,uriacli,1682,ear:1
1647,ear,GASCON,aureyo,1647,ear:1
1646,ear,GALICIAN,orELa,1646,ear:1
1678,ear,SICILIAN_UnnamedInSource,orikia,1678,ear:1
1680,ear,TURIA_AROMANIAN,ureakLi,1680,ear:1
1648,ear,ITALIAN,orekkyo,1648,ear:1
1677,ear,SARDINIAN_LOGUDARESE,orikra,1677,ear:1
1681,ear,VALENCIAN,orELa,1681,ear:1
1649,ear,ITALIAN_GROSSETO_TUSCAN,orekyo,1649,ear:1
1654,ear,LIGURIAN_STELLA,weja,1654,ear:1
1651,ear,LANGUEDOCIEN,awreLo,1651,ear:1
1665,ear,PIEMONTESE_VERCELLESE,uroZa,1665,ear:1
1666,ear,PORTUGUESE,oraLa,1666,ear:1
1667,ear,ROMAGNOL_RAVENNATE,urECa,1667,ear:1
1668,ear,ROMANIAN,ureke,1668,ear:1
1669,ear,ROMANIAN_2,ureke,1669,ear:1
1670,ear,ROMANIAN_MEGLENO,ureakL3,1670,ear:1
1671,ear,ROMANSH_GRISHUN,ureL3,1671,ear:1
1672,ear,ROMANSH_SURMIRAN,urey3,1672,ear:1
1673,ear,ROMANSH_SURSILVAN,ureL3,1673,ear:1
1664,ear,PIEMONTESE_LANZO_TORINESE,uriya,1664,ear:1
1663,ear,PIEMONTESE_CARMAGNOLA,uriya,1663,ear:1
1662,ear,PIEMONTESE_BARBANIA,uriya,1662,ear:1
1661,ear,OCCITAN_ARANESE,aureLo,1661,ear:1
1660,ear,NONES_GARDENESE,ur3dla,1660,ear:1
1659,ear,NONES_FASSANO,ureya,1659,ear:1
1658,ear,NONES,rekla,1658,ear:1
1657,ear,NEAPOLITAN_CALABRESE,reky3,1657,ear:1
1656,ear,LOMBARD_PLESIO,urEja,1656,ear:1
1655,ear,LOMBARD_BERGAMO,orEja,1655,ear:1
1653,ear,LIGURIAN_RAPALLO,aweje,1653,ear:1
1652,ear,LIGURIAN_GENOESE,wEja,1652,ear:1
1650,ear,JUDEO_ESPAGNOL,orexa,1650,ear:1
1679,ear,SPANISH,oreha,1679,ear:1
1674,ear,ROMANSH_VALLADER,uraL3,1674,ear:1
1675,ear,SARDINIAN,uriga,1675,ear:1
1645,ear,FRIULIAN,oreli,1645,ear:1
1644,ear,FRENCH,ore,1644,ear:1
1643,ear,EMILIANO_REGGIANO,urECa,1643,ear:1
1642,ear,EMILIANO_FERRARESE,urECa,1642,ear:1
1636,ear,BALEAR_CATALAN,orEL3,1636,ear:1
1640,ear,DALMATIAN,rakla,1640,ear:1
1635,ear,ASTURIAN,oreya,1635,ear:1
1639,ear,CORSICAN,arETa,1639,ear:1
1638,ear,CATALAN_2,urEL3,1638,ear:1
1641,ear,EMILIANO_CARPIGIANO,urECa,1641,ear:1
1676,ear,SARDINIAN_CAMPIDANESE,orixa,1676,ear:1
1634,ear,ARPITAN,or3L3,1634,ear:1
1633,ear,ARAGONESE,oreLa,1633,ear:1
1630,ear,ARMENIAN_CLASSICAL,unkn,1630,ear:1
1637,ear,CATALAN,urEL3,1637,ear:1
1685,eye,WESTERN_ARMENIAN,aCk,1685,eye:0
1684,eye,EASTERN_ARMENIAN,aCk,1684,eye:0
1688,eye,ASTURIAN,ueyu,1688,eye:1
1732,eye,SPANISH,oho,1732,eye:1
1719,eye,PORTUGUESE,oLu,1719,eye:1
1706,eye,LIGURIAN_RAPALLO,Eju,1706,eye:1
1707,eye,LIGURIAN_STELLA,Eju,1707,eye:1
1686,eye,ARAGONESE,geLo,1686,eye:1
1699,eye,GALICIAN,oLo,1699,eye:1
1729,eye,SARDINIAN_CAMPIDANESE,oxu,1729,eye:1
1703,eye,JUDEO_ESPAGNOL,oxo,1703,eye:1
1705,eye,LIGURIAN_GENOESE,Eju,1705,eye:1
1728,eye,SARDINIAN,ogu,1728,eye:1
1687,eye,ARPITAN,yi,1687,eye:2
1692,eye,CORSICAN,oTi,1692,eye:3
1734,eye,VALENCIAN,uL,1734,eye:3
1696,eye,EMILIANO_REGGIANO,oC,1696,eye:3
1691,eye,CATALAN_2,uL,1691,eye:3
1690,eye,CATALAN,uL,1690,eye:3
1721,eye,ROMANIAN,ok,1721,eye:3
1727,eye,ROMANSH_VALLADER,oL,1727,eye:3
1695,eye,EMILIANO_FERRARESE,oC,1695,eye:3
1720,eye,ROMAGNOL_RAVENNATE,oC,1720,eye:3
1718,eye,PIEMONTESE_VERCELLESE,oC,1718,eye:3
1717,eye,PIEMONTESE_LANZO_TORINESE,oy,1717,eye:3
1716,eye,PIEMONTESE_CARMAGNOLA,oy,1716,eye:3
1715,eye,PIEMONTESE_BARBANIA,oy,1715,eye:3
1714,eye,OCCITAN_ARANESE,ueL,1714,eye:3
1713,eye,NONES_GARDENESE,wedl,1713,eye:3
1711,eye,NONES,ocEl,1711,eye:3
1709,eye,LOMBARD_PLESIO,oC,1709,eye:3
1708,eye,LOMBARD_BERGAMO,oC,1708,eye:3
1700,eye,GASCON,wey,1700,eye:3
1697,eye,FRENCH,3y,1697,eye:3
1689,eye,BALEAR_CATALAN,uL,1689,eye:3
1694,eye,EMILIANO_CARPIGIANO,oC,1694,eye:3
1731,eye,SICILIAN_UnnamedInSource,okiu,1731,eye:4
1735,eye,VLACH,okklu,1735,eye:4
1698,eye,FRIULIAN,voli,1698,eye:4
1701,eye,ITALIAN,okkyo,1701,eye:4
1702,eye,ITALIAN_GROSSETO_TUSCAN,okyo,1702,eye:4
1710,eye,NEAPOLITAN_CALABRESE,woky3,1710,eye:4
1693,eye,DALMATIAN,vaklo,1693,eye:4
1723,eye,ROMANIAN_MEGLENO,wokLu,1723,eye:4
1722,eye,ROMANIAN_2,oky,1722,eye:4
1730,eye,SARDINIAN_LOGUDARESE,okru,1730,eye:4
1733,eye,TURIA_AROMANIAN,okLu,1733,eye:4
1725,eye,ROMANSH_SURMIRAN,iL,1725,eye:5
1726,eye,ROMANSH_SURSILVAN,eL,1726,eye:5
1704,eye,LANGUEDOCIEN,ieL,1704,eye:5
1724,eye,ROMANSH_GRISHUN,eL,1724,eye:5
1683,eye,ARMENIAN_CLASSICAL,akn,1683,eye:6
1712,eye,NONES_FASSANO,eye,1712,eye:6
443,fire,EASTERN_ARMENIAN,boc,443,fire:0
444,fire,WESTERN_ARMENIAN,grag,444,fire:1
486,fire,SARDINIAN,fogu,486,fire:2
492,fire,VLACH,foku,492,fire:2
466,fire,LOMBARD_BERGAMO,fok,466,fire:2
465,fire,LIGURIAN_STELLA,fE,465,fire:2
447,fire,BALEAR_CATALAN,foT,447,fire:2
445,fire,ARAGONESE,fuego,445,fire:2
464,fire,LIGURIAN_RAPALLO,fEgu,464,fire:2
463,fire,LIGURIAN_GENOESE,fEgu,463,fire:2
462,fire,LANGUEDOCIEN,fiok,462,fire:2
461,fire,JUDEO_ESPAGNOL,fuego,461,fire:2
460,fire,ITALIAN_GROSSETO_TUSCAN,foko,460,fire:2
467,fire,LOMBARD_PLESIO,fok,467,fire:2
459,fire,ITALIAN,fwoko,459,fire:2
456,fire,FRIULIAN,fouk,456,fire:2
455,fire,FRENCH,fe,455,fire:2
454,fire,EMILIANO_REGGIANO,fog,454,fire:2
453,fire,EMILIANO_FERRARESE,fog,453,fire:2
452,fire,EMILIANO_CARPIGIANO,fog,452,fire:2
451,fire,DALMATIAN,fuk,451,fire:2
450,fire,CORSICAN,fogu,450,fire:2
449,fire,CATALAN_2,fok,449,fire:2
448,fire,CATALAN,fok,448,fire:2
458,fire,GASCON,huek,458,fire:2
468,fire,NEAPOLITAN_CALABRESE,fok3,468,fire:2
446,fire,ASTURIAN,fueu,446,fire:2
470,fire,NONES_FASSANO,fek,470,fire:2
469,fire,NONES,fec,469,fire:2
474,fire,PIEMONTESE_CARMAGNOLA,fo,474,fire:2
475,fire,PIEMONTESE_LANZO_TORINESE,fo,475,fire:2
476,fire,PIEMONTESE_VERCELLESE,fok,476,fire:2
478,fire,ROMAGNOL_RAVENNATE,fug,478,fire:2
479,fire,ROMANIAN,fok,479,fire:2
480,fire,ROMANIAN_2,fok,480,fire:2
481,fire,ROMANIAN_MEGLENO,fok,481,fire:2
482,fire,ROMANSH_GRISHUN,fyew,482,fire:2
483,fire,ROMANSH_SURMIRAN,fi,483,fire:2
477,fire,PORTUGUESE,fogu,477,fire:2
485,fire,ROMANSH_VALLADER,fo,485,fire:2
471,fire,NONES_GARDENESE,fwek,471,fire:2
487,fire,SARDINIAN_CAMPIDANESE,foxu,487,fire:2
488,fire,SARDINIAN_LOGUDARESE,fogu,488,fire:2
489,fire,SICILIAN_UnnamedInSource,foku,489,fire:2
490,fire,SPANISH,fuego,490,fire:2
484,fire,ROMANSH_SURSILVAN,fug,484,fire:2
491,fire,VALENCIAN,fok,491,fire:2
473,fire,PIEMONTESE_BARBANIA,fo,473,fire:2
472,fire,OCCITAN_ARANESE,uek,472,fire:2
457,fire,GALICIAN,lume,457,fire:3
442,fire,ARMENIAN_CLASSICAL,hur,442,fire:3
1111,fish,WESTERN_ARMENIAN,cug,1111,fish:0
1109,fish,ARMENIAN_CLASSICAL,juk3n,1109,fish:0
1110,fish,EASTERN_ARMENIAN,cuk,1110,fish:0
1134,fish,LOMBARD_BERGAMO,pEs,1134,fish:1
1112,fish,ARAGONESE,peS,1112,fish:1
1113,fish,ARPITAN,p3so,1113,fish:1
1114,fish,ASTURIAN,peSe,1114,fish:1
1115,fish,BALEAR_CATALAN,peiS,1115,fish:1
1128,fish,ITALIAN_GROSSETO_TUSCAN,peSe,1128,fish:1
1129,fish,JUDEO_ESPAGNOL,peSkado,1129,fish:1
1130,fish,LANGUEDOCIEN,peys,1130,fish:1
1131,fish,LIGURIAN_GENOESE,peSu,1131,fish:1
1132,fish,LIGURIAN_RAPALLO,pESu,1132,fish:1
1133,fish,LIGURIAN_STELLA,pESu,1133,fish:1
1135,fish,LOMBARD_PLESIO,pEs,1135,fish:1
1138,fish,NONES_FASSANO,peS,1138,fish:1
1137,fish,NONES,pes,1137,fish:1
1125,fish,GALICIAN,pEiSe,1125,fish:1
1124,fish,FRIULIAN,pes,1124,fish:1
1123,fish,FRENCH,paso,1123,fish:1
1122,fish,EMILIANO_REGGIANO,pEs,1122,fish:1
1121,fish,EMILIANO_FERRARESE,pEs,1121,fish:1
1120,fish,EMILIANO_CARPIGIANO,pEs,1120,fish:1
1119,fish,DALMATIAN,pias,1119,fish:1
1118,fish,CORSICAN,pESu,1118,fish:1
1117,fish,CATALAN_2,peS,1117,fish:1
1116,fish,CATALAN,peS,1116,fish:1
1160,fish,VLACH,pesku,1160,fish:1
1159,fish,VALENCIAN,peiS,1159,fish:1
1158,fish,SPANISH,peskado,1158,fish:1
1157,fish,SICILIAN_UnnamedInSource,peSi,1157,fish:1
1156,fish,SARDINIAN_LOGUDARESE,piske,1156,fish:1
1155,fish,SARDINIAN_CAMPIDANESE,piSi,1155,fish:1
1154,fish,SARDINIAN,piSe,1154,fish:1
1139,fish,NONES_GARDENESE,p3S,1139,fish:1
1140,fish,OCCITAN_ARANESE,peiS,1140,fish:1
1141,fish,PIEMONTESE_BARBANIA,p3s,1141,fish:1
1142,fish,PIEMONTESE_CARMAGNOLA,pEs,1142,fish:1
1143,fish,PIEMONTESE_LANZO_TORINESE,pES,1143,fish:1
1144,fish,PIEMONTESE_VERCELLESE,pos,1144,fish:1
1136,fish,NEAPOLITAN_CALABRESE,peS3,1136,fish:1
1145,fish,PORTUGUESE,paiS3,1145,fish:1
1147,fish,ROMANIAN,peSte,1147,fish:1
1148,fish,ROMANIAN_2,peSte,1148,fish:1
1149,fish,ROMANIAN_MEGLENO,peaSti,1149,fish:1
1151,fish,ROMANSH_SURMIRAN,peS,1151,fish:1
1152,fish,ROMANSH_SURSILVAN,pES,1152,fish:1
1153,fish,ROMANSH_VALLADER,peS,1153,fish:1
1146,fish,ROMAGNOL_RAVENNATE,pEs,1146,fish:1
1150,fish,ROMANSH_GRISHUN,peS,1150,fish:1
1127,fish,ITALIAN,peSe,1127,fish:1
1126,fish,GASCON,pES,1126,fish:1
593,full,VALENCIAN,plE,593,full:0
567,full,LIGURIAN_STELLA,CEN,567,full:0
566,full,LIGURIAN_RAPALLO,piN,566,full:0
565,full,LIGURIAN_GENOESE,piN,565,full:0
564,full,LANGUEDOCIEN,ple,564,full:0
562,full,ITALIAN_GROSSETO_TUSCAN,pyEno,562,full:0
561,full,ITALIAN,pyEno,561,full:0
560,full,GASCON,ple,560,full:0
558,full,FRIULIAN,plen,558,full:0
557,full,FRENCH,pl3,557,full:0
556,full,EMILIANO_REGGIANO,pin,556,full:0
555,full,EMILIANO_FERRARESE,pin,555,full:0
554,full,EMILIANO_CARPIGIANO,pin,554,full:0
553,full,DALMATIAN,plain,553,full:0
552,full,CATALAN_2,plE,552,full:0
551,full,CATALAN,plE,551,full:0
550,full,BALEAR_CATALAN,plE,550,full:0
548,full,ARPITAN,plE,548,full:0
547,full,ARAGONESE,pleno,547,full:0
545,full,EASTERN_ARMENIAN,li,545,full:0
544,full,ARMENIAN_CLASSICAL,li,544,full:0
594,full,VLACH,mplinu,594,full:0
569,full,LOMBARD_PLESIO,pyee,569,full:0
568,full,LOMBARD_BERGAMO,pye,568,full:0
571,full,NONES,plen,571,full:0
590,full,SARDINIAN_LOGUDARESE,prenu,590,full:0
589,full,SARDINIAN_CAMPIDANESE,prenu,589,full:0
588,full,SARDINIAN,prenu,588,full:0
587,full,ROMANSH_VALLADER,playn,587,full:0
586,full,ROMANSH_SURSILVAN,plein,586,full:0
585,full,ROMANSH_SURMIRAN,pla5,585,full:0
584,full,ROMANSH_GRISHUN,playn,584,full:0
583,full,ROMANIAN_MEGLENO,plin,583,full:0
581,full,ROMANIAN,plin,581,full:0
580,full,ROMAGNOL_RAVENNATE,pin,580,full:0
582,full,ROMANIAN_2,plin,582,full:0
578,full,PIEMONTESE_VERCELLESE,piN,578,full:0
577,full,PIEMONTESE_LANZO_TORINESE,pyEN,577,full:0
576,full,PIEMONTESE_CARMAGNOLA,pyEN,576,full:0
575,full,PIEMONTESE_BARBANIA,pyEN,575,full:0
574,full,OCCITAN_ARANESE,pleN,574,full:0
573,full,NONES_GARDENESE,pl35,573,full:0
572,full,NONES_FASSANO,pye5,572,full:0
546,full,WESTERN_ARMENIAN,lecun,546,full:1
570,full,NEAPOLITAN_CALABRESE,kin3,570,full:2
563,full,JUDEO_ESPAGNOL,yeno,563,full:2
549,full,ASTURIAN,Leno,549,full:2
592,full,SPANISH,yeno,592,full:2
559,full,GALICIAN,Ceo,559,full:2
591,full,SICILIAN_UnnamedInSource,Cinu,591,full:2
579,full,PORTUGUESE,Seyu,579,full:3
1950,hand,WESTERN_ARMENIAN,cerk,1950,hand:0
1948,hand,ARMENIAN_CLASSICAL,jern,1948,hand:0
1949,hand,EASTERN_ARMENIAN,cer,1949,hand:0
1981,hand,PIEMONTESE_CARMAGNOLA,maN,1981,hand:1
1986,hand,ROMANIAN,m3n3,1986,hand:1
1987,hand,ROMANIAN_2,m3n3,1987,hand:1
1988,hand,ROMANIAN_MEGLENO,mon3,1988,hand:1
1989,hand,ROMANSH_GRISHUN,mawn,1989,hand:1
1990,hand,ROMANSH_SURMIRAN,maN,1990,hand:1
1991,hand,ROMANSH_SURSILVAN,maun,1991,hand:1
1992,hand,ROMANSH_VALLADER,man,1992,hand:1
1993,hand,SARDINIAN,manu,1993,hand:1
1994,hand,SARDINIAN_CAMPIDANESE,manu,1994,hand:1
1995,hand,SARDINIAN_LOGUDARESE,manu,1995,hand:1
1996,hand,SICILIAN_UnnamedInSource,manu,1996,hand:1
1997,hand,SPANISH,mano,1997,hand:1
1998,hand,TURIA_AROMANIAN,mana,1998,hand:1
2000,hand,VLACH,mina,2000,hand:1
1957,hand,CORSICAN,mani,1957,hand:1
1956,hand,CATALAN_2,ma,1956,hand:1
1955,hand,CATALAN,ma,1955,hand:1
1954,hand,BALEAR_CATALAN,ma,1954,hand:1
1953,hand,ASTURIAN,mano,1953,hand:1
1952,hand,ARPITAN,ma,1952,hand:1
1951,hand,ARAGONESE,man,1951,hand:1
1985,hand,ROMAGNOL_RAVENNATE,man,1985,hand:1
1982,hand,PIEMONTESE_LANZO_TORINESE,maN,1982,hand:1
1984,hand,PORTUGUESE,mau,1984,hand:1
1958,hand,DALMATIAN,muoN,1958,hand:1
1980,hand,PIEMONTESE_BARBANIA,maN,1980,hand:1
1979,hand,OCCITAN_ARANESE,maN,1979,hand:1
1978,hand,NONES_GARDENESE,ma5,1978,hand:1
1977,hand,NONES_FASSANO,ma5,1977,hand:1
1976,hand,NONES,man,1976,hand:1
1975,hand,NEAPOLITAN_CALABRESE,man3,1975,hand:1
1974,hand,LOMBARD_PLESIO,maN,1974,hand:1
1973,hand,LOMBARD_BERGAMO,ma,1973,hand:1
1972,hand,LIGURIAN_STELLA,maN,1972,hand:1
1971,hand,LIGURIAN_RAPALLO,maN,1971,hand:1
1983,hand,PIEMONTESE_VERCELLESE,maN,1983,hand:1
1970,hand,LIGURIAN_GENOESE,maN,1970,hand:1
1968,hand,JUDEO_ESPAGNOL,mano,1968,hand:1
1967,hand,ITALIAN_GROSSETO_TUSCAN,mano,1967,hand:1
1966,hand,ITALIAN,mano,1966,hand:1
1965,hand,GASCON,ma,1965,hand:1
1964,hand,GALICIAN,man,1964,hand:1
1963,hand,FRIULIAN,man,1963,hand:1
1962,hand,FRENCH,ma,1962,hand:1
1961,hand,EMILIANO_REGGIANO,man,1961,hand:1
1960,hand,EMILIANO_FERRARESE,mans,1960,hand:1
1959,hand,EMILIANO_CARPIGIANO,maN,1959,hand:1
1969,hand,LANGUEDOCIEN,ma,1969,hand:1
1999,hand,VALENCIAN,ma,1999,hand:1
903,hear,WESTERN_ARMENIAN,l3se,903,hear:0
901,hear,ARMENIAN_CLASSICAL,lsem,901,hear:0
902,hear,EASTERN_ARMENIAN,l3se,902,hear:0
930,hear,NONES_FASSANO,sentir,930,hear:1
949,hear,SICILIAN_UnnamedInSource,sentiri,949,hear:1
943,hear,ROMANSH_SURMIRAN,santkEr,943,hear:1
951,hear,VALENCIAN,sentir,951,hear:1
938,hear,ROMAGNOL_RAVENNATE,sinti,938,hear:1
936,hear,PIEMONTESE_VERCELLESE,seNti,936,hear:1
935,hear,PIEMONTESE_LANZO_TORINESE,sENte,935,hear:1
934,hear,PIEMONTESE_CARMAGNOLA,sENte,934,hear:1
933,hear,PIEMONTESE_BARBANIA,sENte,933,hear:1
929,hear,NONES,senir,929,hear:1
928,hear,NEAPOLITAN_CALABRESE,s3nti,928,hear:1
920,hear,ITALIAN_GROSSETO_TUSCAN,sentire,920,hear:1
927,hear,LOMBARD_PLESIO,senti,927,hear:1
926,hear,LOMBARD_BERGAMO,sinti,926,hear:1
909,hear,CATALAN_2,s3nti,909,hear:1
916,hear,FRIULIAN,sintei,916,hear:1
924,hear,LIGURIAN_RAPALLO,seNti,924,hear:1
914,hear,EMILIANO_REGGIANO,sEynter,914,hear:1
913,hear,EMILIANO_FERRARESE,sintir,913,hear:1
912,hear,EMILIANO_CARPIGIANO,siNtir,912,hear:1
911,hear,DALMATIAN,sentar,911,hear:1
910,hear,CORSICAN,sEnt,910,hear:1
925,hear,LIGURIAN_STELLA,seNti,925,hear:1
908,hear,CATALAN,s3nti,908,hear:1
907,hear,BALEAR_CATALAN,s3nti,907,hear:1
923,hear,LIGURIAN_GENOESE,seNti,923,hear:1
904,hear,ARAGONESE,sentir,904,hear:1
952,hear,VLACH,aseultu,952,hear:10
905,hear,ARPITAN,ekota,905,hear:2
944,hear,ROMANSH_SURSILVAN,udir,944,hear:3
945,hear,ROMANSH_VALLADER,dudir,945,hear:3
942,hear,ROMANSH_GRISHUN,udir,942,hear:3
906,hear,ASTURIAN,oyer,906,hear:3
950,hear,SPANISH,oir,950,hear:3
917,hear,GALICIAN,oir,917,hear:3
921,hear,JUDEO_ESPAGNOL,oir,921,hear:3
915,hear,FRENCH,otadr,915,hear:4
918,hear,GASCON,auzi,918,hear:5
940,hear,ROMANIAN_2,auzy,940,hear:5
939,hear,ROMANIAN,auz,939,hear:5
922,hear,LANGUEDOCIEN,awzi,922,hear:5
931,hear,NONES_GARDENESE,awdi,931,hear:5
919,hear,ITALIAN,ud,919,hear:6
946,hear,SARDINIAN,intendere,946,hear:7
932,hear,OCCITAN_ARANESE,enene,932,hear:7
947,hear,SARDINIAN_CAMPIDANESE,intEndi,947,hear:7
948,hear,SARDINIAN_LOGUDARESE,intendere,948,hear:7
937,hear,PORTUGUESE,ov,937,hear:8
941,hear,ROMANIAN_MEGLENO,ut,941,hear:9
647,horn,EASTERN_ARMENIAN,yejur,647,horn:0
648,horn,WESTERN_ARMENIAN,boz,648,horn:1
675,horn,NONES_GARDENESE,korn,675,horn:2
674,horn,NONES_FASSANO,korn,674,horn:2
672,horn,NEAPOLITAN_CALABRESE,korn3,672,horn:2
671,horn,LOMBARD_PLESIO,kornu,671,horn:2
670,horn,LOMBARD_BERGAMO,koren,670,horn:2
669,horn,LIGURIAN_STELLA,kornu,669,horn:2
668,horn,LIGURIAN_RAPALLO,kornu,668,horn:2
667,horn,LIGURIAN_GENOESE,kornu,667,horn:2
666,horn,LANGUEDOCIEN,korno,666,horn:2
663,horn,ITALIAN,korno,663,horn:2
664,horn,ITALIAN_GROSSETO_TUSCAN,korno,664,horn:2
662,horn,GASCON,korno,662,horn:2
661,horn,GALICIAN,korno,661,horn:2
660,horn,FRIULIAN,kar,660,horn:2
676,horn,OCCITAN_ARANESE,korno,676,horn:2
658,horn,EMILIANO_REGGIANO,koren,658,horn:2
657,horn,EMILIANO_FERRARESE,koran,657,horn:2
656,horn,EMILIANO_CARPIGIANO,koren,656,horn:2
659,horn,FRENCH,korn,659,horn:2
665,horn,JUDEO_ESPAGNOL,kuerno,665,horn:2
677,horn,PIEMONTESE_BARBANIA,korn,677,horn:2
673,horn,NONES,korn,673,horn:2
679,horn,PIEMONTESE_LANZO_TORINESE,korn,679,horn:2
695,horn,TURIA_AROMANIAN,kornu,695,horn:2
694,horn,SPANISH,kerno,694,horn:2
693,horn,SICILIAN_UnnamedInSource,kornutu,693,horn:2
655,horn,DALMATIAN,kuarN,655,horn:2
649,horn,ARAGONESE,kerno,649,horn:2
650,horn,ASTURIAN,kuernu,650,horn:2
692,horn,SARDINIAN_LOGUDARESE,koru,692,horn:2
691,horn,SARDINIAN_CAMPIDANESE,koru,691,horn:2
690,horn,SARDINIAN,koru,690,horn:2
678,horn,PIEMONTESE_CARMAGNOLA,korn,678,horn:2
689,horn,ROMANSH_VALLADER,korn3,689,horn:2
687,horn,ROMANSH_SURMIRAN,korn3,687,horn:2
686,horn,ROMANSH_GRISHUN,korn3,686,horn:2
685,horn,ROMANIAN_MEGLENO,korn,685,horn:2
684,horn,ROMANIAN_2,korn,684,horn:2
683,horn,ROMANIAN,korn,683,horn:2
682,horn,ROMAGNOL_RAVENNATE,ko3ran,682,horn:2
652,horn,CATALAN,korn,652,horn:2
680,horn,PIEMONTESE_VERCELLESE,kornu,680,horn:2
654,horn,CORSICAN,kori,654,horn:2
653,horn,CATALAN_2,ba53,653,horn:3
651,horn,BALEAR_CATALAN,ba53,651,horn:3
696,horn,VALENCIAN,ba5a,696,horn:3
681,horn,PORTUGUESE,Sifr3,681,horn:4
688,horn,ROMANSH_SURSILVAN,Ciern,688,horn:5
646,horn,ARMENIAN_CLASSICAL,eLjiwr,646,horn:5
1901,knee,BALEAR_CATALAN,Z3noL,1901,knee:0
1899,knee,ARPITAN,Z3nu,1899,knee:0
1898,knee,ARAGONESE,CinoLo,1898,knee:0
1897,knee,WESTERN_ARMENIAN,cung,1897,knee:0
1896,knee,EASTERN_ARMENIAN,cunk,1896,knee:0
1927,knee,PIEMONTESE_BARBANIA,Zinuy,1927,knee:0
1928,knee,PIEMONTESE_CARMAGNOLA,Zinuy,1928,knee:0
1929,knee,PIEMONTESE_LANZO_TORINESE,Zinuy,1929,knee:0
1930,knee,PIEMONTESE_VERCELLESE,ZnoC,1930,knee:0
1931,knee,PORTUGUESE,ZuaLu,1931,knee:0
1932,knee,ROMAGNOL_RAVENNATE,ZnoC,1932,knee:0
1934,knee,ROMANIAN_2,jenuNky,1934,knee:0
1902,knee,CATALAN,j3noL,1902,knee:0
1935,knee,ROMANIAN_MEGLENO,zinkLu,1935,knee:0
1936,knee,ROMANSH_GRISHUN,Z3neye,1936,knee:0
1937,knee,ROMANSH_SURMIRAN,g3nuL,1937,knee:0
1938,knee,ROMANSH_SURSILVAN,SanuL,1938,knee:0
1939,knee,ROMANSH_VALLADER,ZnwoL,1939,knee:0
1940,knee,SARDINIAN,enugu,1940,knee:0
1941,knee,SARDINIAN_CAMPIDANESE,jenuxu,1941,knee:0
1942,knee,SARDINIAN_LOGUDARESE,benukru,1942,knee:0
1943,knee,SICILIAN_UnnamedInSource,dinokiu,1943,knee:0
1945,knee,TURIA_AROMANIAN,cinukLu,1945,knee:0
1933,knee,ROMANIAN,jenuNk,1933,knee:0
1947,knee,VLACH,cinuklu,1947,knee:0
1903,knee,CATALAN_2,Z3noL,1903,knee:0
1905,knee,DALMATIAN,Zinuak,1905,knee:0
1925,knee,NONES_GARDENESE,Z3nodl,1925,knee:0
1926,knee,OCCITAN_ARANESE,ZuL,1926,knee:0
1924,knee,NONES_FASSANO,Z3neye,1924,knee:0
1923,knee,NONES,zinocEl,1923,knee:0
1922,knee,NEAPOLITAN_CALABRESE,d3nuky3,1922,knee:0
1921,knee,LOMBARD_PLESIO,jinoC,1921,knee:0
1920,knee,LOMBARD_BERGAMO,jonoC,1920,knee:0
1919,knee,LIGURIAN_STELLA,Zenuju,1919,knee:0
1904,knee,CORSICAN,vinoTi,1904,knee:0
1917,knee,LIGURIAN_GENOESE,Zenuju,1917,knee:0
1916,knee,LANGUEDOCIEN,jenul,1916,knee:0
1918,knee,LIGURIAN_RAPALLO,zenuju,1918,knee:0
1914,knee,ITALIAN_GROSSETO_TUSCAN,Zinkyo,1914,knee:0
1913,knee,ITALIAN,jinokkyo,1913,knee:0
1912,knee,GASCON,Zuy,1912,knee:0
1911,knee,GALICIAN,SeonLo,1911,knee:0
1910,knee,FRIULIAN,zEnoli,1910,knee:0
1909,knee,FRENCH,j3nu,1909,knee:0
1908,knee,EMILIANO_REGGIANO,ZnoC,1908,knee:0
1907,knee,EMILIANO_FERRARESE,ZnoC,1907,knee:0
1906,knee,EMILIANO_CARPIGIANO,znoC,1906,knee:0
1946,knee,VALENCIAN,CinoL,1946,knee:0
1900,knee,ASTURIAN,rodia,1900,knee:1
1944,knee,SPANISH,rodiya,1944,knee:1
1895,knee,ARMENIAN_CLASSICAL,tsunr,1895,knee:1
1915,knee,JUDEO_ESPAGNOL,rodiyas,1915,knee:1
291,leaf,WESTERN_ARMENIAN,derev,291,leaf:0
290,leaf,EASTERN_ARMENIAN,terev,290,leaf:0
325,leaf,PORTUGUESE,foLa,325,leaf:1
294,leaf,ASTURIAN,fueya,294,leaf:1
314,leaf,LOMBARD_BERGAMO,foya,314,leaf:1
313,leaf,LIGURIAN_STELLA,fEya,313,leaf:1
312,leaf,LIGURIAN_RAPALLO,foya,312,leaf:1
311,leaf,LIGURIAN_GENOESE,foya,311,leaf:1
310,leaf,LANGUEDOCIEN,fiElo,310,leaf:1
309,leaf,JUDEO_ESPAGNOL,oxa,309,leaf:1
308,leaf,ITALIAN_GROSSETO_TUSCAN,foLa,308,leaf:1
307,leaf,ITALIAN,foLa,307,leaf:1
306,leaf,GASCON,wueyo,306,leaf:1
297,leaf,CATALAN_2,fuL3,297,leaf:1
305,leaf,GALICIAN,foLa,305,leaf:1
303,leaf,FRENCH,f3y,303,leaf:1
302,leaf,EMILIANO_REGGIANO,foya,302,leaf:1
301,leaf,EMILIANO_FERRARESE,foya,301,leaf:1
300,leaf,EMILIANO_CARPIGIANO,foya,300,leaf:1
292,leaf,ARAGONESE,fueLa,292,leaf:1
293,leaf,ARPITAN,foL3,293,leaf:1
299,leaf,DALMATIAN,fuaLa,299,leaf:1
295,leaf,BALEAR_CATALAN,fuL3,295,leaf:1
296,leaf,CATALAN,fuL3,296,leaf:1
304,leaf,FRIULIAN,feE,304,leaf:1
316,leaf,NEAPOLITAN_CALABRESE,foy3,316,leaf:1
315,leaf,LOMBARD_PLESIO,foya,315,leaf:1
318,leaf,NONES_FASSANO,foa,318,leaf:1
339,leaf,VALENCIAN,fuLa,339,leaf:1
338,leaf,SPANISH,oha,338,leaf:1
337,leaf,SICILIAN_UnnamedInSource,fogia,337,leaf:1
336,leaf,SARDINIAN_LOGUDARESE,foZa,336,leaf:1
335,leaf,SARDINIAN_CAMPIDANESE,fola,335,leaf:1
334,leaf,SARDINIAN,foza,334,leaf:1
333,leaf,ROMANSH_VALLADER,foL3,333,leaf:1
332,leaf,ROMANSH_SURSILVAN,fEL,332,leaf:1
317,leaf,NONES,foya,317,leaf:1
330,leaf,ROMANSH_GRISHUN,feL,330,leaf:1
331,leaf,ROMANSH_SURMIRAN,fiL,331,leaf:1
328,leaf,ROMANIAN_2,foaie,328,leaf:1
327,leaf,ROMANIAN,frunz3,327,leaf:1
326,leaf,ROMAGNOL_RAVENNATE,foya,326,leaf:1
324,leaf,PIEMONTESE_VERCELLESE,foya,324,leaf:1
323,leaf,PIEMONTESE_LANZO_TORINESE,foya,323,leaf:1
322,leaf,PIEMONTESE_CARMAGNOLA,foya,322,leaf:1
321,leaf,PIEMONTESE_BARBANIA,foya,321,leaf:1
320,leaf,OCCITAN_ARANESE,ueLo,320,leaf:1
329,leaf,ROMANIAN_MEGLENO,frunz3,329,leaf:1
298,leaf,CORSICAN,foLa,298,leaf:1
319,leaf,NONES_GARDENESE,pleCa,319,leaf:2
47,liver,WESTERN_ARMENIAN,lart,47,liver:0
46,liver,EASTERN_ARMENIAN,lard,46,liver:0
45,liver,ARMENIAN_CLASSICAL,leard,45,liver:0
58,liver,GALICIAN,figado,58,liver:1
59,liver,GASCON,hiCe,59,liver:1
48,liver,ARAGONESE,figado,48,liver:1
80,liver,ROMANIAN_2,fikat,80,liver:1
79,liver,ROMANIAN,fikat,79,liver:1
78,liver,ROMAGNOL_RAVENNATE,fegat,78,liver:1
77,liver,PORTUGUESE,fixa8u,77,liver:1
70,liver,NONES,fica,70,liver:1
69,liver,NEAPOLITAN_CALABRESE,fExat3,69,liver:1
66,liver,LIGURIAN_STELLA,fegatu,66,liver:1
65,liver,LIGURIAN_RAPALLO,figEtu,65,liver:1
64,liver,LIGURIAN_GENOESE,fegatu,64,liver:1
63,liver,LANGUEDOCIEN,feje,63,liver:1
62,liver,JUDEO_ESPAGNOL,igado,62,liver:1
60,liver,ITALIAN,fegato,60,liver:1
86,liver,SARDINIAN,figadu,86,liver:1
61,liver,ITALIAN_GROSSETO_TUSCAN,fegato,61,liver:1
88,liver,SARDINIAN_LOGUDARESE,fikadu,88,liver:1
49,liver,CATALAN,fej3,49,liver:1
50,liver,CATALAN_2,fej3,50,liver:1
51,liver,CORSICAN,fegatu,51,liver:1
52,liver,DALMATIAN,figuot,52,liver:1
87,liver,SARDINIAN_CAMPIDANESE,figaw,87,liver:1
56,liver,FRENCH,fa,56,liver:1
57,liver,FRIULIAN,fiat,57,liver:1
54,liver,EMILIANO_FERRARESE,fEgat,54,liver:1
90,liver,SPANISH,igado,90,liver:1
89,liver,SICILIAN_UnnamedInSource,fiCatu,89,liver:1
91,liver,TURIA_AROMANIAN,layikat,91,liver:1
76,liver,PIEMONTESE_VERCELLESE,fidik,76,liver:2
75,liver,PIEMONTESE_LANZO_TORINESE,fidik,75,liver:2
74,liver,PIEMONTESE_CARMAGNOLA,fidik,74,liver:2
73,liver,PIEMONTESE_BARBANIA,fidik,73,liver:2
53,liver,EMILIANO_CARPIGIANO,fedeg,53,liver:2
68,liver,LOMBARD_PLESIO,fidEk,68,liver:2
67,liver,LOMBARD_BERGAMO,fidek,67,liver:2
55,liver,EMILIANO_REGGIANO,fedeg,55,liver:2
71,liver,NONES_FASSANO,neygEr,71,liver:3
72,liver,NONES_GARDENESE,foSk,72,liver:4
81,liver,ROMANIAN_MEGLENO,drop,81,liver:5
82,liver,ROMANSH_GRISHUN,5irom,82,liver:6
83,liver,ROMANSH_SURMIRAN,nirom,83,liver:6
85,liver,ROMANSH_VALLADER,53rom,85,liver:6
84,liver,ROMANSH_SURSILVAN,dir,84,liver:7
0,louse,EASTERN_ARMENIAN,voCil,0,louse:0
9,louse,EMILIANO_FERRARESE,vdoC,9,louse:0
1,louse,WESTERN_ARMENIAN,voCil,1,louse:0
33,louse,ROMAGNOL_RAVENNATE,bdoC,33,louse:0
24,louse,NEAPOLITAN_CALABRESE,p3ruky3,24,louse:1
23,louse,LOMBARD_PLESIO,pyoC,23,louse:1
22,louse,LOMBARD_BERGAMO,pyoC,22,louse:1
21,louse,LIGURIAN_STELLA,pyEju,21,louse:1
20,louse,LIGURIAN_RAPALLO,pigEju,20,louse:1
18,louse,LANGUEDOCIEN,pezul,18,louse:1
41,louse,SARDINIAN,priogu,41,louse:1
16,louse,ITALIAN_GROSSETO_TUSCAN,pidokyo,16,louse:1
15,louse,ITALIAN,pidokko,15,louse:1
14,louse,GASCON,pedui,14,louse:1
13,louse,GALICIAN,pioLo,13,louse:1
12,louse,FRIULIAN,pEdoli,12,louse:1
11,louse,FRENCH,pu,11,louse:1
10,louse,EMILIANO_REGGIANO,pyoC,10,louse:1
25,louse,NONES,piocEl,25,louse:1
17,louse,JUDEO_ESPAGNOL,pioxo,17,louse:1
26,louse,NONES_FASSANO,poye,26,louse:1
28,louse,PIEMONTESE_BARBANIA,puy,28,louse:1
44,louse,SPANISH,pioho,44,louse:1
43,louse,SARDINIAN_LOGUDARESE,preuku,43,louse:1
42,louse,SARDINIAN_CAMPIDANESE,prioxu,42,louse:1
40,louse,ROMANSH_VALLADER,plwoL,40,louse:1
39,louse,ROMANSH_SURSILVAN,pluL,39,louse:1
38,louse,ROMANSH_SURMIRAN,pluL,38,louse:1
27,louse,NONES_GARDENESE,podl,27,louse:1
37,louse,ROMANSH_GRISHUN,pluL,37,louse:1
35,louse,ROMANIAN_2,paduke,35,louse:1
34,louse,ROMANIAN,p3duke,34,louse:1
32,louse,PORTUGUESE,pioLu,32,louse:1
31,louse,PIEMONTESE_VERCELLESE,pyoC,31,louse:1
30,louse,PIEMONTESE_LANZO_TORINESE,puy,30,louse:1
29,louse,PIEMONTESE_CARMAGNOLA,puy,29,louse:1
36,louse,ROMANIAN_MEGLENO,pidukLu,36,louse:1
8,louse,EMILIANO_CARPIGIANO,pyoC,8,louse:1
19,louse,LIGURIAN_GENOESE,pigEju,19,louse:1
6,louse,CORSICAN,pidoTu,6,louse:1
2,louse,ARAGONESE,pegoLo,2,louse:1
3,louse,ASTURIAN,pioyu,3,louse:1
7,louse,DALMATIAN,pedoklo,7,louse:1
5,louse,CATALAN_2,poL,5,louse:1
4,louse,CATALAN,poL,4,louse:1
1579,mountain,WESTERN_ARMENIAN,ler,1579,mountain:0
1577,mountain,ARMENIAN_CLASSICAL,learn,1577,mountain:0
1626,mountain,SPANISH,sero,1626,mountain:1
1578,mountain,EASTERN_ARMENIAN,sar,1578,mountain:1
1580,mountain,ARAGONESE,mon,1580,mountain:2
1608,mountain,OCCITAN_ARANESE,muna5o,1608,mountain:2
1609,mountain,PIEMONTESE_BARBANIA,muNta5a,1609,mountain:2
1610,mountain,PIEMONTESE_CARMAGNOLA,muNta5a,1610,mountain:2
1611,mountain,PIEMONTESE_LANZO_TORINESE,muNta5a,1611,mountain:2
1612,mountain,PIEMONTESE_VERCELLESE,muNta5a,1612,mountain:2
1613,mountain,PORTUGUESE,mota5a,1613,mountain:2
1615,mountain,ROMANIAN,munte,1615,mountain:2
1617,mountain,ROMANIAN_MEGLENO,munti,1617,mountain:2
1581,mountain,ARPITAN,mota5i,1581,mountain:2
1619,mountain,ROMANSH_SURMIRAN,munto53,1619,mountain:2
1621,mountain,ROMANSH_VALLADER,munto53,1621,mountain:2
1622,mountain,SARDINIAN,munta5a,1622,mountain:2
1623,mountain,SARDINIAN_CAMPIDANESE,monti,1623,mountain:2
1624,mountain,SARDINIAN_LOGUDARESE,monte,1624,mountain:2
1625,mountain,SICILIAN_UnnamedInSource,munta5a,1625,mountain:2
1627,mountain,TURIA_AROMANIAN,muni,1627,mountain:2
1628,mountain,VALENCIAN,munta5a,1628,mountain:2
1614,mountain,ROMAGNOL_RAVENNATE,mownt,1614,mountain:2
1618,mountain,ROMANSH_GRISHUN,munto53,1618,mountain:2
1582,mountain,ASTURIAN,monte,1582,mountain:2
1584,mountain,CATALAN,mon,1584,mountain:2
1605,mountain,NONES,mon,1605,mountain:2
1604,mountain,NEAPOLITAN_CALABRESE,munta53,1604,mountain:2
1603,mountain,LOMBARD_PLESIO,munta5a,1603,mountain:2
1602,mountain,LOMBARD_BERGAMO,monta5a,1602,mountain:2
1600,mountain,LIGURIAN_RAPALLO,munta5a,1600,mountain:2
1629,mountain,VLACH,mundi,1629,mountain:2
1598,mountain,LANGUEDOCIEN,munta5o,1598,mountain:2
1597,mountain,JUDEO_ESPAGNOL,monta5a,1597,mountain:2
1583,mountain,BALEAR_CATALAN,munta53,1583,mountain:2
1595,mountain,ITALIAN,monta5a,1595,mountain:2
1594,mountain,GASCON,munta5o,1594,mountain:2
1596,mountain,ITALIAN_GROSSETO_TUSCAN,monata5a,1596,mountain:2
1592,mountain,FRIULIAN,mont,1592,mountain:2
1591,mountain,FRENCH,motaj,1591,mountain:2
1590,mountain,EMILIANO_REGGIANO,munta5a,1590,mountain:2
1585,mountain,CATALAN_2,munta53,1585,mountain:2
1589,mountain,EMILIANO_FERRARESE,munta5a,1589,mountain:2
1586,mountain,CORSICAN,muntanTa,1586,mountain:2
1587,mountain,DALMATIAN,muant,1587,mountain:2
1593,mountain,GALICIAN,monta5a,1593,mountain:2
1588,mountain,EMILIANO_CARPIGIANO,munta5a,1588,mountain:2
1601,mountain,LIGURIAN_STELLA,briku,1601,mountain:3
1599,mountain,LIGURIAN_GENOESE,briku,1599,mountain:3
1607,mountain,NONES_GARDENESE,kr3p,1607,mountain:4
1606,mountain,NONES_FASSANO,krepa,1606,mountain:4
1616,mountain,ROMANIAN_2,colina,1616,mountain:5
1620,mountain,ROMANSH_SURSILVAN,kuolm,1620,mountain:6
1228,name,FRIULIAN,non,1228,name:0
1234,name,LANGUEDOCIEN,nun,1234,name:0
1214,name,EASTERN_ARMENIAN,anun,1214,name:0
1213,name,ARMENIAN_CLASSICAL,anun,1213,name:0
1215,name,WESTERN_ARMENIAN,anun,1215,name:0
1216,name,ARAGONESE,nombre,1216,name:1
1242,name,NONES_FASSANO,inom,1242,name:1
1243,name,NONES_GARDENESE,inwem,1243,name:1
1244,name,OCCITAN_ARANESE,nom,1244,name:1
1245,name,PIEMONTESE_BARBANIA,nom,1245,name:1
1246,name,PIEMONTESE_CARMAGNOLA,nom,1246,name:1
1247,name,PIEMONTESE_LANZO_TORINESE,nom,1247,name:1
1248,name,PIEMONTESE_VERCELLESE,nom,1248,name:1
1249,name,PORTUGUESE,nom3,1249,name:1
1250,name,ROMAGNOL_RAVENNATE,nom,1250,name:1
1251,name,ROMANIAN,nume,1251,name:1
1252,name,ROMANIAN_2,nume,1252,name:1
1253,name,ROMANIAN_MEGLENO,numi,1253,name:1
1254,name,ROMANSH_GRISHUN,num,1254,name:1
1255,name,ROMANSH_SURMIRAN,nom,1255,name:1
1256,name,ROMANSH_SURSILVAN,num,1256,name:1
1257,name,ROMANSH_VALLADER,nom,1257,name:1
1259,name,SARDINIAN_CAMPIDANESE,nomini,1259,name:1
1261,name,SICILIAN_UnnamedInSource,nomi,1261,name:1
1241,name,NONES,nom,1241,name:1
1240,name,NEAPOLITAN_CALABRESE,nom3,1240,name:1
1239,name,LOMBARD_PLESIO,nom,1239,name:1
1238,name,LOMBARD_BERGAMO,nom,1238,name:1
1218,name,ASTURIAN,nome,1218,name:1
1219,name,BALEAR_CATALAN,nom,1219,name:1
1220,name,CATALAN,nom,1220,name:1
1221,name,CATALAN_2,nom,1221,name:1
1222,name,CORSICAN,nomu,1222,name:1
1223,name,DALMATIAN,nam,1223,name:1
1224,name,EMILIANO_CARPIGIANO,nom,1224,name:1
1225,name,EMILIANO_FERRARESE,nom,1225,name:1
1226,name,EMILIANO_REGGIANO,nom,1226,name:1
1227,name,FRENCH,no,1227,name:1
1262,name,SPANISH,nombre,1262,name:1
1229,name,GALICIAN,nome,1229,name:1
1230,name,GASCON,num,1230,name:1
1231,name,ITALIAN,nome,1231,name:1
1232,name,ITALIAN_GROSSETO_TUSCAN,nome,1232,name:1
1233,name,JUDEO_ESPAGNOL,nombre,1233,name:1
1235,name,LIGURIAN_GENOESE,nume,1235,name:1
1236,name,LIGURIAN_RAPALLO,nume,1236,name:1
1237,name,LIGURIAN_STELLA,nume,1237,name:1
1217,name,ARPITAN,no,1217,name:1
1264,name,VLACH,numa,1264,name:1
1263,name,VALENCIAN,nom,1263,name:1
1260,name,SARDINIAN_LOGUDARESE,lumene,1260,name:2
1258,name,SARDINIAN,lumene,1258,name:2
495,new,WESTERN_ARMENIAN,nor,495,new:0
513,new,LANGUEDOCIEN,naw,513,new:0
523,new,OCCITAN_ARANESE,nau,523,new:0
525,new,PIEMONTESE_CARMAGNOLA,now,525,new:0
509,new,GASCON,nau,509,new:0
530,new,ROMANIAN,nou,530,new:0
531,new,ROMANIAN_2,now,531,new:0
532,new,ROMANIAN_MEGLENO,now,532,new:0
501,new,CATALAN_2,now,501,new:0
537,new,SARDINIAN,nou,537,new:0
499,new,BALEAR_CATALAN,now,499,new:0
538,new,SARDINIAN_CAMPIDANESE,now,538,new:0
542,new,VALENCIAN,now,542,new:0
543,new,VLACH,nou,543,new:0
493,new,ARMENIAN_CLASSICAL,nor,493,new:0
494,new,EASTERN_ARMENIAN,nor,494,new:0
500,new,CATALAN,nou,500,new:0
519,new,NEAPOLITAN_CALABRESE,nwov3,519,new:1
539,new,SARDINIAN_LOGUDARESE,novu,539,new:1
540,new,SICILIAN_UnnamedInSource,novu,540,new:1
529,new,ROMAGNOL_RAVENNATE,no3v,529,new:1
528,new,PORTUGUESE,novu,528,new:1
526,new,PIEMONTESE_LANZO_TORINESE,nov,526,new:1
524,new,PIEMONTESE_BARBANIA,nov,524,new:1
520,new,NONES,neo,520,new:1
496,new,ARAGONESE,nuebo,496,new:1
541,new,SPANISH,nuevo,541,new:1
504,new,EMILIANO_FERRARESE,nov,504,new:1
515,new,LIGURIAN_RAPALLO,nEvu,515,new:1
514,new,LIGURIAN_GENOESE,nEvu,514,new:1
497,new,ARPITAN,novo,497,new:1
498,new,ASTURIAN,nuevu,498,new:1
512,new,JUDEO_ESPAGNOL,muevo,512,new:1
511,new,ITALIAN_GROSSETO_TUSCAN,novo,511,new:1
510,new,ITALIAN,nwovo,510,new:1
508,new,GALICIAN,nobo,508,new:1
506,new,FRENCH,nuvo,506,new:1
505,new,EMILIANO_REGGIANO,nov,505,new:1
516,new,LIGURIAN_STELLA,nEvu,516,new:1
503,new,EMILIANO_CARPIGIANO,nov,503,new:1
502,new,DALMATIAN,nuf,502,new:2
536,new,ROMANSH_VALLADER,nowf,536,new:2
535,new,ROMANSH_SURSILVAN,nief,535,new:2
518,new,LOMBARD_PLESIO,nof,518,new:2
533,new,ROMANSH_GRISHUN,nof,533,new:2
507,new,FRIULIAN,5ouf,507,new:2
527,new,PIEMONTESE_VERCELLESE,nof,527,new:2
522,new,NONES_GARDENESE,nwef,522,new:2
521,new,NONES_FASSANO,nef,521,new:2
534,new,ROMANSH_SURMIRAN,nof,534,new:2
517,new,LOMBARD_BERGAMO,nof,517,new:2
953,night,ARMENIAN_CLASSICAL,ziSer,953,night:0
954,night,EASTERN_ARMENIAN,giSer,954,night:0
955,night,WESTERN_ARMENIAN,kiSer,955,night:0
973,night,JUDEO_ESPAGNOL,noCe,973,night:1
974,night,LANGUEDOCIEN,5oC,974,night:1
959,night,BALEAR_CATALAN,nit,959,night:1
956,night,ARAGONESE,nueit,956,night:1
958,night,ASTURIAN,nueCe,958,night:1
972,night,ITALIAN_GROSSETO_TUSCAN,note,972,night:1
1004,night,VLACH,napte,1004,night:1
1003,night,VALENCIAN,nit,1003,night:1
1002,night,SPANISH,noCe,1002,night:1
1001,night,SICILIAN_UnnamedInSource,noti,1001,night:1
1000,night,SARDINIAN_LOGUDARESE,note,1000,night:1
987,night,PIEMONTESE_LANZO_TORINESE,noyt,987,night:1
999,night,SARDINIAN_CAMPIDANESE,noti,999,night:1
988,night,PIEMONTESE_VERCELLESE,noC,988,night:1
989,night,PORTUGUESE,noyt3,989,night:1
990,night,ROMAGNOL_RAVENNATE,nota,990,night:1
991,night,ROMANIAN,noapte,991,night:1
992,night,ROMANIAN_2,noapte,992,night:1
993,night,ROMANIAN_MEGLENO,noapti,993,night:1
994,night,ROMANSH_GRISHUN,noT,994,night:1
995,night,ROMANSH_SURMIRAN,noT,995,night:1
998,night,SARDINIAN,note,998,night:1
971,night,ITALIAN,notte,971,night:1
997,night,ROMANSH_VALLADER,not,997,night:1
970,night,GASCON,nwoyt,970,night:1
968,night,FRIULIAN,5ot,968,night:1
975,night,LIGURIAN_GENOESE,nEte,975,night:1
960,night,CATALAN,nit,960,night:1
961,night,CATALAN_2,nit,961,night:1
976,night,LIGURIAN_RAPALLO,nEte,976,night:1
977,night,LIGURIAN_STELLA,nECe,977,night:1
978,night,LOMBARD_BERGAMO,noC,978,night:1
979,night,LOMBARD_PLESIO,noC,979,night:1
980,night,NEAPOLITAN_CALABRESE,not3,980,night:1
981,night,NONES,not,981,night:1
982,night,NONES_FASSANO,net,982,night:1
983,night,NONES_GARDENESE,nwet,983,night:1
962,night,CORSICAN,noti,962,night:1
985,night,PIEMONTESE_BARBANIA,noyt,985,night:1
986,night,PIEMONTESE_CARMAGNOLA,noyt,986,night:1
963,night,DALMATIAN,nuat,963,night:1
964,night,EMILIANO_CARPIGIANO,not,964,night:1
965,night,EMILIANO_FERRARESE,not,965,night:1
966,night,EMILIANO_REGGIANO,not,966,night:1
967,night,FRENCH,nui,967,night:1
969,night,GALICIAN,noite,969,night:1
996,night,ROMANSH_SURSILVAN,noC,996,night:1
957,night,ARPITAN,nE,957,night:2
984,night,OCCITAN_ARANESE,ne,984,night:2
748,nose,EASTERN_ARMENIAN,kit,748,nose:0
749,nose,WESTERN_ARMENIAN,kit,749,nose:0
763,nose,GALICIAN,nari8,763,nose:1
750,nose,ARAGONESE,nari8,750,nose:1
797,nose,TURIA_AROMANIAN,nari,797,nose:1
752,nose,ASTURIAN,nari8es,752,nose:1
767,nose,JUDEO_ESPAGNOL,nariz,767,nose:1
781,nose,PIEMONTESE_LANZO_TORINESE,nas,781,nose:2
780,nose,PIEMONTESE_CARMAGNOLA,nas,780,nose:2
779,nose,PIEMONTESE_BARBANIA,nas,779,nose:2
778,nose,OCCITAN_ARANESE,nas,778,nose:2
798,nose,VALENCIAN,nas,798,nose:2
757,nose,DALMATIAN,nuos,757,nose:2
782,nose,PIEMONTESE_VERCELLESE,nas,782,nose:2
776,nose,NONES_FASSANO,nEs,776,nose:2
775,nose,NONES,nas,775,nose:2
777,nose,NONES_GARDENESE,nEs,777,nose:2
783,nose,PORTUGUESE,nariS,783,nose:2
786,nose,ROMANIAN_2,nas,786,nose:2
785,nose,ROMANIAN,nas,785,nose:2
774,nose,NEAPOLITAN_CALABRESE,nas3,774,nose:2
787,nose,ROMANIAN_MEGLENO,nas,787,nose:2
788,nose,ROMANSH_GRISHUN,nas,788,nose:2
789,nose,ROMANSH_SURMIRAN,nas,789,nose:2
790,nose,ROMANSH_SURSILVAN,nas,790,nose:2
791,nose,ROMANSH_VALLADER,nas,791,nose:2
792,nose,SARDINIAN,nasu,792,nose:2
793,nose,SARDINIAN_CAMPIDANESE,nazu,793,nose:2
794,nose,SARDINIAN_LOGUDARESE,nasu,794,nose:2
795,nose,SICILIAN_UnnamedInSource,naska,795,nose:2
784,nose,ROMAGNOL_RAVENNATE,ne3z,784,nose:2
758,nose,EMILIANO_CARPIGIANO,nEz,758,nose:2
772,nose,LOMBARD_BERGAMO,nas,772,nose:2
796,nose,SPANISH,naris,796,nose:2
756,nose,CORSICAN,nasu,756,nose:2
759,nose,EMILIANO_FERRARESE,nas,759,nose:2
760,nose,EMILIANO_REGGIANO,nEs,760,nose:2
761,nose,FRENCH,ne,761,nose:2
762,nose,FRIULIAN,nas,762,nose:2
764,nose,GASCON,nas,764,nose:2
753,nose,BALEAR_CATALAN,nas,753,nose:2
765,nose,ITALIAN,naso,765,nose:2
766,nose,ITALIAN_GROSSETO_TUSCAN,naso,766,nose:2
768,nose,LANGUEDOCIEN,nas,768,nose:2
769,nose,LIGURIAN_GENOESE,nazu,769,nose:2
770,nose,LIGURIAN_RAPALLO,nazu,770,nose:2
771,nose,LIGURIAN_STELLA,nazu,771,nose:2
773,nose,LOMBARD_PLESIO,nas,773,nose:2
751,nose,ARPITAN,na,751,nose:2
755,nose,CATALAN_2,nas,755,nose:2
754,nose,CATALAN,nas,754,nose:2
1844,one,WESTERN_ARMENIAN,meg,1844,one:0
1843,one,EASTERN_ARMENIAN,mek,1843,one:0
1842,one,ARMENIAN_CLASSICAL,mi,1842,one:0
1853,one,EMILIANO_CARPIGIANO,un,1853,one:1
1854,one,EMILIANO_FERRARESE,un,1854,one:1
1855,one,EMILIANO_REGGIANO,un,1855,one:1
1857,one,FRIULIAN,uN,1857,one:1
1849,one,CATALAN,un,1849,one:1
1852,one,DALMATIAN,yoin,1852,one:1
1845,one,ARAGONESE,un,1845,one:1
1858,one,GALICIAN,un,1858,one:1
1886,one,ROMANSH_VALLADER,un,1886,one:1
1892,one,TURIA_AROMANIAN,un,1892,one:1
1882,one,ROMANIAN_MEGLENO,un,1882,one:1
1877,one,PIEMONTESE_VERCELLESE,yuN,1877,one:1
1847,one,ASTURIAN,un,1847,one:1
1875,one,PIEMONTESE_CARMAGNOLA,uN,1875,one:1
1874,one,PIEMONTESE_BARBANIA,uN,1874,one:1
1872,one,NONES_GARDENESE,uN,1872,one:1
1871,one,NONES_FASSANO,uN,1871,one:1
1870,one,NONES,un,1870,one:1
1876,one,PIEMONTESE_LANZO_TORINESE,uN,1876,one:1
1868,one,LOMBARD_PLESIO,vuN,1868,one:1
1866,one,LIGURIAN_STELLA,uN,1866,one:1
1865,one,LIGURIAN_RAPALLO,uN,1865,one:1
1864,one,LIGURIAN_GENOESE,uN,1864,one:1
1846,one,ARPITAN,yo,1846,one:2
1848,one,BALEAR_CATALAN,uns,1848,one:3
1893,one,VALENCIAN,uns,1893,one:3
1850,one,CATALAN_2,uns,1850,one:3
1851,one,CORSICAN,unu,1851,one:4
1890,one,SICILIAN_UnnamedInSource,unu,1890,one:4
1889,one,SARDINIAN_LOGUDARESE,unu,1889,one:4
1888,one,SARDINIAN_CAMPIDANESE,unu,1888,one:4
1887,one,SARDINIAN,unu,1887,one:4
1891,one,SPANISH,uno,1891,one:4
1860,one,ITALIAN,uno,1860,one:4
1880,one,ROMANIAN,unu,1880,one:4
1881,one,ROMANIAN_2,unu,1881,one:4
1869,one,NEAPOLITAN_CALABRESE,un3,1869,one:4
1894,one,VLACH,unu,1894,one:4
1862,one,JUDEO_ESPAGNOL,uno,1862,one:4
1861,one,ITALIAN_GROSSETO_TUSCAN,uno,1861,one:4
1856,one,FRENCH,oe,1856,one:5
1863,one,LANGUEDOCIEN,i,1863,one:6
1859,one,GASCON,i,1859,one:6
1878,one,PORTUGUESE,u,1878,one:7
1867,one,LOMBARD_BERGAMO,u,1867,one:7
1883,one,ROMANSH_GRISHUN,en,1883,one:8
1884,one,ROMANSH_SURMIRAN,en,1884,one:8
1873,one,OCCITAN_ARANESE,iN,1873,one:8
1885,one,ROMANSH_SURSILVAN,in,1885,one:8
1879,one,ROMAGNOL_RAVENNATE,own,1879,one:9
1162,path,EASTERN_ARMENIAN,arahet,1162,path:0
1166,path,ASTURIAN,kamin,1166,path:1
1212,path,VALENCIAN,kami,1212,path:1
1169,path,CATALAN_2,k3mi,1169,path:1
1168,path,CATALAN,k3mi,1168,path:1
1167,path,BALEAR_CATALAN,k3mi,1167,path:1
1163,path,WESTERN_ARMENIAN,jampa,1163,path:1
1164,path,ARAGONESE,kamin,1164,path:1
1182,path,LANGUEDOCIEN,kami,1182,path:1
1181,path,JUDEO_ESPAGNOL,kamino,1181,path:1
1178,path,GASCON,kami,1178,path:1
1165,path,ARPITAN,Sami,1165,path:1
1179,path,ITALIAN,sentyaro,1179,path:2
1174,path,EMILIANO_REGGIANO,strEda,1174,path:2
1176,path,FRIULIAN,stradE,1176,path:2
1177,path,GALICIAN,Estrada,1177,path:2
1210,path,SPANISH,senda,1210,path:2
1209,path,SICILIAN_UnnamedInSource,strata,1209,path:2
1208,path,SARDINIAN_LOGUDARESE,istrada,1208,path:2
1170,path,CORSICAN,Strada,1170,path:2
1206,path,SARDINIAN,istrada,1206,path:2
1204,path,ROMANSH_SURSILVAN,sEnd3,1204,path:2
1173,path,EMILIANO_FERRARESE,strada,1173,path:2
1198,path,ROMAGNOL_RAVENNATE,stre3,1198,path:2
1197,path,PORTUGUESE,seda,1197,path:2
1196,path,PIEMONTESE_VERCELLESE,stra,1196,path:2
1195,path,PIEMONTESE_LANZO_TORINESE,stra,1195,path:2
1172,path,EMILIANO_CARPIGIANO,strEda,1172,path:2
1193,path,PIEMONTESE_BARBANIA,stra,1193,path:2
1180,path,ITALIAN_GROSSETO_TUSCAN,strada,1180,path:2
1183,path,LIGURIAN_GENOESE,strada,1183,path:2
1184,path,LIGURIAN_RAPALLO,strada,1184,path:2
1185,path,LIGURIAN_STELLA,Stro,1185,path:2
1186,path,LOMBARD_BERGAMO,strada,1186,path:2
1187,path,LOMBARD_PLESIO,Strada,1187,path:2
1194,path,PIEMONTESE_CARMAGNOLA,stra,1194,path:2
1188,path,NEAPOLITAN_CALABRESE,strat3,1188,path:2
1190,path,NONES_FASSANO,StrEda,1190,path:2
1191,path,NONES_GARDENESE,StrEda,1191,path:2
1189,path,NONES,strada,1189,path:2
1200,path,ROMANIAN_2,cale,1200,path:3
1211,path,TURIA_AROMANIAN,kali,1211,path:3
1171,path,DALMATIAN,kal,1171,path:3
1175,path,FRENCH,rut,1175,path:4
1192,path,OCCITAN_ARANESE,kursEro,1192,path:5
1199,path,ROMANIAN,k3rare,1199,path:5
1201,path,ROMANIAN_MEGLENO,drum,1201,path:6
1205,path,ROMANSH_VALLADER,vi3,1205,path:7
1203,path,ROMANSH_SURMIRAN,vey3,1203,path:7
1202,path,ROMANSH_GRISHUN,vi3,1202,path:7
1161,path,ARMENIAN_CLASSICAL,Canaparh,1161,path:8
1207,path,SARDINIAN_CAMPIDANESE,aruxa,1207,path:8
1790,person,EASTERN_ARMENIAN,anc,1790,person:0
1791,person,WESTERN_ARMENIAN,anc,1791,person:0
1821,person,PIEMONTESE_BARBANIA,om,1821,person:1
1815,person,LOMBARD_PLESIO,om,1815,person:1
1841,person,VLACH,omu,1841,person:1
1814,person,LOMBARD_BERGAMO,om,1814,person:1
1817,person,NONES,om,1817,person:1
1812,person,LIGURIAN_RAPALLO,omu,1812,person:1
1811,person,LIGURIAN_GENOESE,omu,1811,person:1
1818,person,NONES_FASSANO,om,1818,person:1
1819,person,NONES_GARDENESE,womo,1819,person:1
1808,person,ITALIAN_GROSSETO_TUSCAN,omo,1808,person:1
1806,person,GASCON,omi,1806,person:1
1805,person,GALICIAN,ome,1805,person:1
1829,person,ROMANIAN_MEGLENO,wom,1829,person:1
1803,person,FRENCH,om,1803,person:1
1802,person,EMILIANO_REGGIANO,om,1802,person:1
1822,person,PIEMONTESE_CARMAGNOLA,om,1822,person:1
1800,person,EMILIANO_CARPIGIANO,om,1800,person:1
1799,person,DALMATIAN,om,1799,person:1
1823,person,PIEMONTESE_LANZO_TORINESE,om,1823,person:1
1828,person,ROMANIAN_2,om,1828,person:1
1793,person,ARPITAN,omu,1793,person:1
1792,person,ARAGONESE,ombre,1792,person:1
1839,person,TURIA_AROMANIAN,om,1839,person:1
1820,person,OCCITAN_ARANESE,persuno,1820,person:2
1825,person,PORTUGUESE,pErzon,1825,person:2
1827,person,ROMANIAN,persoan3,1827,person:2
1834,person,SARDINIAN,pesone,1834,person:2
1832,person,ROMANSH_SURSILVAN,pErsun3,1832,person:2
1797,person,CATALAN_2,p3rson3,1797,person:2
1838,person,SPANISH,persona,1838,person:2
1840,person,VALENCIAN,persone,1840,person:2
1794,person,ASTURIAN,persona,1794,person:2
1795,person,BALEAR_CATALAN,p3rson3,1795,person:2
1810,person,LANGUEDOCIEN,persuno,1810,person:2
1809,person,JUDEO_ESPAGNOL,persona,1809,person:2
1807,person,ITALIAN,persona,1807,person:2
1804,person,FRIULIAN,pErsoN,1804,person:2
1796,person,CATALAN,p3rson3,1796,person:2
1837,person,SICILIAN_UnnamedInSource,pirsuna,1837,person:2
1798,person,CORSICAN,nimu,1798,person:3
1831,person,ROMANSH_SURMIRAN,k3rstaN,1831,person:4
1826,person,ROMAGNOL_RAVENNATE,sCan,1826,person:4
1830,person,ROMANSH_GRISHUN,k3rSTawn,1830,person:4
1801,person,EMILIANO_FERRARESE,styan,1801,person:4
1813,person,LIGURIAN_STELLA,kristyaN,1813,person:4
1816,person,NEAPOLITAN_CALABRESE,kr3styan3,1816,person:4
1824,person,PIEMONTESE_VERCELLESE,omaN,1824,person:5
1833,person,ROMANSH_VALLADER,uman,1833,person:5
1789,person,ARMENIAN_CLASSICAL,andzn,1789,person:5
1835,person,SARDINIAN_CAMPIDANESE,omini,1835,person:5
1836,person,SARDINIAN_LOGUDARESE,omine,1836,person:5
391,see,EASTERN_ARMENIAN,tesne,391,see:0
392,see,WESTERN_ARMENIAN,desne,392,see:0
421,see,OCCITAN_ARANESE,be8e,421,see:1
395,see,ASTURIAN,ver,395,see:1
394,see,ARPITAN,vEa,394,see:1
393,see,ARAGONESE,beyer,393,see:1
398,see,CATALAN_2,bEur3,398,see:1
397,see,CATALAN,bEur3,397,see:1
399,see,CORSICAN,vEnd,399,see:1
396,see,BALEAR_CATALAN,vEur3,396,see:1
401,see,EMILIANO_CARPIGIANO,vEder,401,see:1
414,see,LIGURIAN_STELLA,vyEy,414,see:1
415,see,LOMBARD_BERGAMO,Et,415,see:1
416,see,LOMBARD_PLESIO,vedE,416,see:1
417,see,NEAPOLITAN_CALABRESE,v3rE,417,see:1
418,see,NONES,vedEr,418,see:1
419,see,NONES_FASSANO,veder,419,see:1
441,see,VLACH,vedu,441,see:1
440,see,VALENCIAN,vEure,440,see:1
439,see,SPANISH,ve,439,see:1
438,see,SICILIAN_UnnamedInSource,vidiri,438,see:1
437,see,SARDINIAN_LOGUDARESE,biere,437,see:1
436,see,SARDINIAN_CAMPIDANESE,biri,436,see:1
413,see,LIGURIAN_RAPALLO,vede,413,see:1
435,see,SARDINIAN,biere,435,see:1
433,see,ROMANSH_SURSILVAN,v3zEr,433,see:1
432,see,ROMANSH_SURMIRAN,vEkr,432,see:1
431,see,ROMANSH_GRISHUN,v3zayr,431,see:1
430,see,ROMANIAN_MEGLENO,vet,430,see:1
429,see,ROMANIAN_2,vedea,429,see:1
428,see,ROMANIAN,vedea,428,see:1
427,see,ROMAGNOL_RAVENNATE,vde,427,see:1
426,see,PORTUGUESE,ver,426,see:1
425,see,PIEMONTESE_VERCELLESE,vogi,425,see:1
400,see,DALMATIAN,vedar,400,see:1
423,see,PIEMONTESE_CARMAGNOLA,v3de,423,see:1
422,see,PIEMONTESE_BARBANIA,v3de,422,see:1
434,see,ROMANSH_VALLADER,v3Cer,434,see:1
412,see,LIGURIAN_GENOESE,vede,412,see:1
424,see,PIEMONTESE_LANZO_TORINESE,v3di,424,see:1
410,see,JUDEO_ESPAGNOL,ver,410,see:1
409,see,ITALIAN_GROSSETO_TUSCAN,vedere,409,see:1
408,see,ITALIAN,ved,408,see:1
407,see,GASCON,beze,407,see:1
406,see,GALICIAN,ber,406,see:1
405,see,FRIULIAN,viodi,405,see:1
404,see,FRENCH,va,404,see:1
403,see,EMILIANO_REGGIANO,vEder,403,see:1
402,see,EMILIANO_FERRARESE,vEdar,402,see:1
411,see,LANGUEDOCIEN,beyre,411,see:1
420,see,NONES_GARDENESE,ud3y,420,see:2
1525,skin,ARMENIAN_CLASSICAL,maCk,1525,skin:0
1526,skin,EASTERN_ARMENIAN,maSk,1526,skin:0
1527,skin,WESTERN_ARMENIAN,maSg,1527,skin:0
1557,skin,PIEMONTESE_CARMAGNOLA,pEl,1557,skin:1
1533,skin,CORSICAN,pedi,1533,skin:1
1555,skin,OCCITAN_ARANESE,pEt,1555,skin:1
1554,skin,NONES_GARDENESE,pel,1554,skin:1
1528,skin,ARAGONESE,piel,1528,skin:1
1529,skin,ASTURIAN,piel,1529,skin:1
1530,skin,BALEAR_CATALAN,peL,1530,skin:1
1531,skin,CATALAN,peL,1531,skin:1
1532,skin,CATALAN_2,peL,1532,skin:1
1558,skin,PIEMONTESE_LANZO_TORINESE,pEl,1558,skin:1
1556,skin,PIEMONTESE_BARBANIA,pEl,1556,skin:1
1536,skin,EMILIANO_FERRARESE,pel,1536,skin:1
1535,skin,EMILIANO_CARPIGIANO,pEla,1535,skin:1
1551,skin,NEAPOLITAN_CALABRESE,pEl3,1551,skin:1
1550,skin,LOMBARD_PLESIO,pEl,1550,skin:1
1549,skin,LOMBARD_BERGAMO,pEl,1549,skin:1
1548,skin,LIGURIAN_STELLA,pEle,1548,skin:1
1547,skin,LIGURIAN_RAPALLO,pele,1547,skin:1
1546,skin,LIGURIAN_GENOESE,pele,1546,skin:1
1534,skin,DALMATIAN,pial,1534,skin:1
1545,skin,LANGUEDOCIEN,pel,1545,skin:1
1542,skin,ITALIAN,pElle,1542,skin:1
1541,skin,GASCON,pEt,1541,skin:1
1540,skin,GALICIAN,pEl,1540,skin:1
1539,skin,FRIULIAN,pel,1539,skin:1
1537,skin,EMILIANO_REGGIANO,pEla,1537,skin:1
1559,skin,PIEMONTESE_VERCELLESE,pEl,1559,skin:1
1543,skin,ITALIAN_GROSSETO_TUSCAN,pEle,1543,skin:1
1560,skin,PORTUGUESE,pEl3,1560,skin:1
1553,skin,NONES_FASSANO,pel,1553,skin:1
1562,skin,ROMANIAN,pele,1562,skin:1
1563,skin,ROMANIAN_2,pyele,1563,skin:1
1565,skin,ROMANSH_GRISHUN,pel,1565,skin:1
1566,skin,ROMANSH_SURMIRAN,pel,1566,skin:1
1567,skin,ROMANSH_SURSILVAN,pal,1567,skin:1
1568,skin,ROMANSH_VALLADER,pel,1568,skin:1
1569,skin,SARDINIAN,pede,1569,skin:1
1570,skin,SARDINIAN_CAMPIDANESE,pEdi,1570,skin:1
1571,skin,SARDINIAN_LOGUDARESE,pede,1571,skin:1
1572,skin,SICILIAN_UnnamedInSource,pedi,1572,skin:1
1573,skin,SPANISH,piel,1573,skin:1
1552,skin,NONES,pEl,1552,skin:1
1575,skin,VALENCIAN,peL,1575,skin:1
1561,skin,ROMAGNOL_RAVENNATE,pe3la,1561,skin:1
1538,skin,FRENCH,po,1538,skin:2
1544,skin,JUDEO_ESPAGNOL,kuero,1544,skin:3
1564,skin,ROMANIAN_MEGLENO,koaZ3,1564,skin:4
1576,skin,VLACH,kiali,1576,skin:5
1574,skin,TURIA_AROMANIAN,kali,1574,skin:5
697,star,ARMENIAN_CLASSICAL,ast3L,697,star:0
698,star,EASTERN_ARMENIAN,ast3x,698,star:0
699,star,WESTERN_ARMENIAN,asd3x,699,star:0
700,star,ARAGONESE,estrela,700,star:0
701,star,ARPITAN,etela,701,star:0
702,star,ASTURIAN,estrella,702,star:0
711,star,FRENCH,etol,711,star:0
703,star,BALEAR_CATALAN,3stEl,703,star:0
704,star,CATALAN,3streL3,704,star:0
705,star,CATALAN_2,3stEl,705,star:0
706,star,CORSICAN,Steda,706,star:0
707,star,DALMATIAN,stala,707,star:0
712,star,FRIULIAN,stelE,712,star:0
708,star,EMILIANO_CARPIGIANO,stEla,708,star:0
710,star,EMILIANO_REGGIANO,strEla,710,star:0
709,star,EMILIANO_FERRARESE,stEla,709,star:0
724,star,NEAPOLITAN_CALABRESE,stel3,724,star:0
714,star,GASCON,estero,714,star:0
734,star,ROMANIAN,stea,734,star:0
735,star,ROMANIAN_2,stea,735,star:0
736,star,ROMANIAN_MEGLENO,stew3,736,star:0
737,star,ROMANSH_GRISHUN,Stayl3,737,star:0
738,star,ROMANSH_SURMIRAN,stEyl3,738,star:0
739,star,ROMANSH_SURSILVAN,Steil3,739,star:0
733,star,ROMAGNOL_RAVENNATE,ste3la,733,star:0
740,star,ROMANSH_VALLADER,stayl3,740,star:0
742,star,SARDINIAN_CAMPIDANESE,stEda,742,star:0
744,star,SICILIAN_UnnamedInSource,stida,744,star:0
745,star,SPANISH,estreya,745,star:0
746,star,VALENCIAN,estrEla,746,star:0
747,star,VLACH,stiaua,747,star:0
713,star,GALICIAN,Estrela,713,star:0
741,star,SARDINIAN,isteda,741,star:0
732,star,PORTUGUESE,3Strela,732,star:0
743,star,SARDINIAN_LOGUDARESE,isteda,743,star:0
730,star,PIEMONTESE_LANZO_TORINESE,stEyla,730,star:0
731,star,PIEMONTESE_VERCELLESE,stola,731,star:0
715,star,ITALIAN,stella,715,star:0
716,star,ITALIAN_GROSSETO_TUSCAN,stela,716,star:0
718,star,LANGUEDOCIEN,estelo,718,star:0
719,star,LIGURIAN_GENOESE,stela,719,star:0
720,star,LIGURIAN_RAPALLO,stela,720,star:0
721,star,LIGURIAN_STELLA,StEya,721,star:0
717,star,JUDEO_ESPAGNOL,estreya,717,star:0
723,star,LOMBARD_PLESIO,StEla,723,star:0
729,star,PIEMONTESE_CARMAGNOLA,stEyla,729,star:0
725,star,NONES_FASSANO,Steyla,725,star:0
726,star,NONES_GARDENESE,St3yla,726,star:0
722,star,LOMBARD_BERGAMO,stEla,722,star:0
727,star,OCCITAN_ARANESE,estelo,727,star:0
728,star,PIEMONTESE_BARBANIA,stEyla,728,star:0
1737,stone,EASTERN_ARMENIAN,kar,1737,stone:0
1738,stone,WESTERN_ARMENIAN,kar,1738,stone:0
1736,stone,ARMENIAN_CLASSICAL,kar,1736,stone:0
1752,stone,GALICIAN,pEdra,1752,stone:1
1760,stone,LIGURIAN_STELLA,prEya,1760,stone:1
1759,stone,LIGURIAN_RAPALLO,pria,1759,stone:1
1758,stone,LIGURIAN_GENOESE,pria,1758,stone:1
1757,stone,LANGUEDOCIEN,pEyro,1757,stone:1
1756,stone,JUDEO_ESPAGNOL,pyedra,1756,stone:1
1754,stone,ITALIAN,pyEtra,1754,stone:1
1753,stone,GASCON,pEiro,1753,stone:1
1751,stone,FRIULIAN,perE,1751,stone:1
1739,stone,ARAGONESE,pe5a,1739,stone:1
1749,stone,EMILIANO_REGGIANO,preda,1749,stone:1
1748,stone,EMILIANO_FERRARESE,prEda,1748,stone:1
1746,stone,DALMATIAN,pitra,1746,stone:1
1744,stone,CATALAN_2,pe8r3,1744,stone:1
1743,stone,CATALAN,pe8r3,1743,stone:1
1742,stone,BALEAR_CATALAN,pedr3,1742,stone:1
1741,stone,ASTURIAN,piedra,1741,stone:1
1740,stone,ARPITAN,pEri,1740,stone:1
1761,stone,LOMBARD_BERGAMO,preda,1761,stone:1
1750,stone,FRENCH,per,1750,stone:1
1763,stone,NEAPOLITAN_CALABRESE,prEt3,1763,stone:1
1767,stone,OCCITAN_ARANESE,pEiro,1767,stone:1
1775,stone,ROMANIAN_2,pyatr3,1775,stone:1
1784,stone,SICILIAN_UnnamedInSource,petra,1784,stone:1
1783,stone,SARDINIAN_LOGUDARESE,perda,1783,stone:1
1787,stone,VALENCIAN,pe8ra,1787,stone:1
1768,stone,PIEMONTESE_BARBANIA,pEra,1768,stone:1
1769,stone,PIEMONTESE_CARMAGNOLA,pera,1769,stone:1
1770,stone,PIEMONTESE_LANZO_TORINESE,pEra,1770,stone:1
1771,stone,PIEMONTESE_VERCELLESE,prEya,1771,stone:1
1782,stone,SARDINIAN_CAMPIDANESE,perda,1782,stone:1
1772,stone,PORTUGUESE,pEdra,1772,stone:1
1781,stone,SARDINIAN,pedra,1781,stone:1
1774,stone,ROMANIAN,patr3,1774,stone:1
1785,stone,SPANISH,piedra,1785,stone:1
1745,stone,CORSICAN,kota,1745,stone:2
1747,stone,EMILIANO_CARPIGIANO,jarown,1747,stone:3
1765,stone,NONES_FASSANO,sas,1765,stone:4
1773,stone,ROMAGNOL_RAVENNATE,sas,1773,stone:4
1755,stone,ITALIAN_GROSSETO_TUSCAN,saso,1755,stone:4
1766,stone,NONES_GARDENESE,sas,1766,stone:4
1762,stone,LOMBARD_PLESIO,sas,1762,stone:4
1764,stone,NONES,sas,1764,stone:4
1776,stone,ROMANIAN_MEGLENO,rop3,1776,stone:5
1777,stone,ROMANSH_GRISHUN,krap,1777,stone:6
1779,stone,ROMANSH_SURSILVAN,krap,1779,stone:6
1780,stone,ROMANSH_VALLADER,krap,1780,stone:6
1778,stone,ROMANSH_SURMIRAN,krap,1778,stone:6
1786,stone,TURIA_AROMANIAN,kitriCa,1786,stone:7
1788,stone,VLACH,gena,1788,stone:8
1369,sun,ARMENIAN_CLASSICAL,arew,1369,sun:0
1370,sun,EASTERN_ARMENIAN,arev,1370,sun:0
1371,sun,WESTERN_ARMENIAN,arev,1371,sun:0
1391,sun,LIGURIAN_GENOESE,su,1391,sun:1
1390,sun,LANGUEDOCIEN,sulel,1390,sun:1
1389,sun,JUDEO_ESPAGNOL,sol,1389,sun:1
1388,sun,ITALIAN_GROSSETO_TUSCAN,sole,1388,sun:1
1387,sun,ITALIAN,sole,1387,sun:1
1386,sun,GASCON,sureL,1386,sun:1
1385,sun,GALICIAN,sol,1385,sun:1
1384,sun,FRIULIAN,soreli,1384,sun:1
1383,sun,FRENCH,sole,1383,sun:1
1381,sun,EMILIANO_FERRARESE,sol,1381,sun:1
1392,sun,LIGURIAN_RAPALLO,su,1392,sun:1
1380,sun,EMILIANO_CARPIGIANO,sol,1380,sun:1
1379,sun,DALMATIAN,saul,1379,sun:1
1378,sun,CORSICAN,soli,1378,sun:1
1377,sun,CATALAN_2,sol,1377,sun:1
1376,sun,CATALAN,sol,1376,sun:1
1375,sun,BALEAR_CATALAN,sol,1375,sun:1
1373,sun,ARPITAN,solEL,1373,sun:1
1372,sun,ARAGONESE,sol,1372,sun:1
1382,sun,EMILIANO_REGGIANO,sowl,1382,sun:1
1393,sun,LIGURIAN_STELLA,su,1393,sun:1
1374,sun,ASTURIAN,sol,1374,sun:1
1395,sun,LOMBARD_PLESIO,suu,1395,sun:1
1394,sun,LOMBARD_BERGAMO,sul,1394,sun:1
1419,sun,VALENCIAN,sol,1419,sun:1
1420,sun,VLACH,suari,1420,sun:1
1418,sun,SPANISH,sol,1418,sun:1
1416,sun,SARDINIAN_LOGUDARESE,sole,1416,sun:1
1415,sun,SARDINIAN_CAMPIDANESE,soli,1415,sun:1
1414,sun,SARDINIAN,sole,1414,sun:1
1413,sun,ROMANSH_VALLADER,sulay,1413,sun:1
1412,sun,ROMANSH_SURSILVAN,sulEL,1412,sun:1
1411,sun,ROMANSH_SURMIRAN,suLeL,1411,sun:1
1410,sun,ROMANSH_GRISHUN,suleL,1410,sun:1
1409,sun,ROMANIAN_MEGLENO,soari,1409,sun:1
1417,sun,SICILIAN_UnnamedInSource,suli,1417,sun:1
1407,sun,ROMANIAN,soare,1407,sun:1
1408,sun,ROMANIAN_2,soare,1408,sun:1
1397,sun,NONES,sol,1397,sun:1
1398,sun,NONES_FASSANO,soreye,1398,sun:1
1400,sun,OCCITAN_ARANESE,su,1400,sun:1
1401,sun,PIEMONTESE_BARBANIA,sul,1401,sun:1
1399,sun,NONES_GARDENESE,sur3dl,1399,sun:1
1403,sun,PIEMONTESE_LANZO_TORINESE,sul,1403,sun:1
1404,sun,PIEMONTESE_VERCELLESE,sul,1404,sun:1
1405,sun,PORTUGUESE,sol,1405,sun:1
1406,sun,ROMAGNOL_RAVENNATE,sowl,1406,sun:1
1402,sun,PIEMONTESE_CARMAGNOLA,sul,1402,sun:1
1396,sun,NEAPOLITAN_CALABRESE,sol3,1396,sun:1
1445,tongue,LIGURIAN_STELLA,lENgwa,1445,tongue:0
1444,tongue,LIGURIAN_RAPALLO,liNgwa,1444,tongue:0
1437,tongue,GALICIAN,liNga,1437,tongue:0
1443,tongue,LIGURIAN_GENOESE,liNgwa,1443,tongue:0
1442,tongue,LANGUEDOCIEN,leNo,1442,tongue:0
1441,tongue,JUDEO_ESPAGNOL,lingua,1441,tongue:0
1440,tongue,ITALIAN_GROSSETO_TUSCAN,lingwa,1440,tongue:0
1439,tongue,ITALIAN,liNgwa,1439,tongue:0
1438,tongue,GASCON,leNo,1438,tongue:0
1431,tongue,DALMATIAN,laNga,1431,tongue:0
1435,tongue,FRENCH,lag,1435,tongue:0
1434,tongue,EMILIANO_REGGIANO,lENgwa,1434,tongue:0
1433,tongue,EMILIANO_FERRARESE,lENgwa,1433,tongue:0
1432,tongue,EMILIANO_CARPIGIANO,lENgva,1432,tongue:0
1430,tongue,CORSICAN,liNgua,1430,tongue:0
1429,tongue,CATALAN_2,Leg3,1429,tongue:0
1428,tongue,CATALAN,LeNg3,1428,tongue:0
1446,tongue,LOMBARD_BERGAMO,lEngwa,1446,tongue:0
1427,tongue,BALEAR_CATALAN,Leg3,1427,tongue:0
1436,tongue,FRIULIAN,leNgE,1436,tongue:0
1447,tongue,LOMBARD_PLESIO,lengwa,1447,tongue:0
1460,tongue,ROMANIAN_MEGLENO,limbe,1460,tongue:0
1449,tongue,NONES,lENa,1449,tongue:0
1472,tongue,VLACH,limba,1472,tongue:0
1471,tongue,VALENCIAN,Lega,1471,tongue:0
1470,tongue,TURIA_AROMANIAN,lima,1470,tongue:0
1469,tongue,SPANISH,lenga,1469,tongue:0
1468,tongue,SICILIAN_UnnamedInSource,liNa,1468,tongue:0
1467,tongue,SARDINIAN_LOGUDARESE,limba,1467,tongue:0
1466,tongue,SARDINIAN_CAMPIDANESE,limba,1466,tongue:0
1465,tongue,SARDINIAN,limba,1465,tongue:0
1464,tongue,ROMANSH_VALLADER,lew3,1464,tongue:0
1463,tongue,ROMANSH_SURSILVAN,lEuNga,1463,tongue:0
1448,tongue,NEAPOLITAN_CALABRESE,lengw3,1448,tongue:0
1462,tongue,ROMANSH_SURMIRAN,LaNg3,1462,tongue:0
1459,tongue,ROMANIAN_2,limb3,1459,tongue:0
1458,tongue,ROMANIAN,limb3,1458,tongue:0
1457,tongue,ROMAGNOL_RAVENNATE,lengva,1457,tongue:0
1456,tongue,PORTUGUESE,ligua,1456,tongue:0
1455,tongue,PIEMONTESE_VERCELLESE,leNgwa,1455,tongue:0
1454,tongue,PIEMONTESE_LANZO_TORINESE,lENga,1454,tongue:0
1453,tongue,PIEMONTESE_CARMAGNOLA,leNga,1453,tongue:0
1452,tongue,PIEMONTESE_BARBANIA,lENga,1452,tongue:0
1451,tongue,OCCITAN_ARANESE,leNuo,1451,tongue:0
1450,tongue,NONES_GARDENESE,l3Nga,1450,tongue:0
1461,tongue,ROMANSH_GRISHUN,lyewNg3,1461,tongue:0
1424,tongue,ARAGONESE,lueNga,1424,tongue:0
1425,tongue,ARPITAN,lEwa,1425,tongue:0
1422,tongue,EASTERN_ARMENIAN,lezu,1422,tongue:0
1421,tongue,ARMENIAN_CLASSICAL,lezu,1421,tongue:0
1423,tongue,WESTERN_ARMENIAN,lezu,1423,tongue:0
1426,tongue,ASTURIAN,paladar,1426,tongue:1
1317,tooth,ARMENIAN_CLASSICAL,atamn,1317,tooth:0
1318,tooth,EASTERN_ARMENIAN,atam,1318,tooth:0
1319,tooth,WESTERN_ARMENIAN,agra,1319,tooth:1
1353,tooth,ROMAGNOL_RAVENNATE,dent,1353,tooth:2
1354,tooth,ROMANIAN,dinte,1354,tooth:2
1355,tooth,ROMANIAN_2,dinte,1355,tooth:2
1356,tooth,ROMANIAN_MEGLENO,dinti,1356,tooth:2
1357,tooth,ROMANSH_GRISHUN,dEnt,1357,tooth:2
1358,tooth,ROMANSH_SURMIRAN,daynt,1358,tooth:2
1360,tooth,ROMANSH_VALLADER,daynt,1360,tooth:2
1361,tooth,SARDINIAN,dente,1361,tooth:2
1362,tooth,SARDINIAN_CAMPIDANESE,dEnti,1362,tooth:2
1365,tooth,SPANISH,diente,1365,tooth:2
1364,tooth,SICILIAN_UnnamedInSource,denti,1364,tooth:2
1352,tooth,PORTUGUESE,det3,1352,tooth:2
1366,tooth,TURIA_AROMANIAN,dini,1366,tooth:2
1367,tooth,VALENCIAN,dent,1367,tooth:2
1368,tooth,VLACH,dinti,1368,tooth:2
1324,tooth,CATALAN,den,1324,tooth:2
1323,tooth,BALEAR_CATALAN,dent,1323,tooth:2
1322,tooth,ASTURIAN,diente,1322,tooth:2
1321,tooth,ARPITAN,dE,1321,tooth:2
1320,tooth,ARAGONESE,dien,1320,tooth:2
1363,tooth,SARDINIAN_LOGUDARESE,dente,1363,tooth:2
1351,tooth,PIEMONTESE_VERCELLESE,deNC,1351,tooth:2
1359,tooth,ROMANSH_SURSILVAN,dEnt,1359,tooth:2
1349,tooth,PIEMONTESE_CARMAGNOLA,deNt,1349,tooth:2
1325,tooth,CATALAN_2,den,1325,tooth:2
1326,tooth,CORSICAN,dEnti,1326,tooth:2
1350,tooth,PIEMONTESE_LANZO_TORINESE,deNt,1350,tooth:2
1328,tooth,EMILIANO_CARPIGIANO,dEynt,1328,tooth:2
1329,tooth,EMILIANO_FERRARESE,dent,1329,tooth:2
1330,tooth,EMILIANO_REGGIANO,dEynt,1330,tooth:2
1331,tooth,FRENCH,da,1331,tooth:2
1332,tooth,FRIULIAN,dint,1332,tooth:2
1333,tooth,GALICIAN,dEnte,1333,tooth:2
1334,tooth,GASCON,den,1334,tooth:2
1335,tooth,ITALIAN,dante,1335,tooth:2
1336,tooth,ITALIAN_GROSSETO_TUSCAN,dEnte,1336,tooth:2
1327,tooth,DALMATIAN,diant,1327,tooth:2
1338,tooth,LANGUEDOCIEN,den,1338,tooth:2
1337,tooth,JUDEO_ESPAGNOL,dyente,1337,tooth:2
1347,tooth,OCCITAN_ARANESE,den,1347,tooth:2
1346,tooth,NONES_GARDENESE,d3nt,1346,tooth:2
1345,tooth,NONES,dEn,1345,tooth:2
1344,tooth,NEAPOLITAN_CALABRESE,dEnte,1344,tooth:2
1348,tooth,PIEMONTESE_BARBANIA,deNt,1348,tooth:2
1342,tooth,LOMBARD_BERGAMO,det,1342,tooth:2
1341,tooth,LIGURIAN_STELLA,dENCu,1341,tooth:2
1340,tooth,LIGURIAN_RAPALLO,dEnte,1340,tooth:2
1339,tooth,LIGURIAN_GENOESE,dente,1339,tooth:2
1343,tooth,LOMBARD_PLESIO,denC,1343,tooth:2
800,tree,EASTERN_ARMENIAN,car,800,tree:0
801,tree,WESTERN_ARMENIAN,car,801,tree:0
834,tree,PORTUGUESE,Ervur3,834,tree:1
823,tree,LIGURIAN_STELLA,Erbu,823,tree:1
826,tree,NEAPOLITAN_CALABRESE,ab3r3,826,tree:1
827,tree,NONES,arbol,827,tree:1
829,tree,OCCITAN_ARANESE,arbe,829,tree:1
830,tree,PIEMONTESE_BARBANIA,Erbu,830,tree:1
831,tree,PIEMONTESE_CARMAGNOLA,Erbu,831,tree:1
835,tree,ROMAGNOL_RAVENNATE,e3lbar,835,tree:1
847,tree,SPANISH,arbol,847,tree:1
838,tree,ROMANIAN_MEGLENO,arbur,838,tree:1
843,tree,SARDINIAN,arvure,843,tree:1
822,tree,LIGURIAN_RAPALLO,Erbu,822,tree:1
845,tree,SARDINIAN_LOGUDARESE,arvure,845,tree:1
846,tree,SICILIAN_UnnamedInSource,arbulu,846,tree:1
848,tree,VALENCIAN,arbre,848,tree:1
849,tree,VLACH,arbor,849,tree:1
837,tree,ROMANIAN_2,arbore,837,tree:1
821,tree,LIGURIAN_GENOESE,erbu,821,tree:1
806,tree,CATALAN,abr3,806,tree:1
819,tree,JUDEO_ESPAGNOL,arvole,819,tree:1
803,tree,ARPITAN,abro,803,tree:1
807,tree,CATALAN_2,abr3,807,tree:1
802,tree,ARAGONESE,arbol,802,tree:1
808,tree,CORSICAN,arburu,808,tree:1
809,tree,DALMATIAN,yarbur,809,tree:1
820,tree,LANGUEDOCIEN,arbre,820,tree:1
810,tree,EMILIANO_CARPIGIANO,elber,810,tree:1
811,tree,EMILIANO_FERRARESE,arbul,811,tree:1
805,tree,BALEAR_CATALAN,abr3,805,tree:1
804,tree,ASTURIAN,arbol,804,tree:1
813,tree,FRENCH,arbr3,813,tree:1
814,tree,FRIULIAN,arbul,814,tree:1
815,tree,GALICIAN,arbore,815,tree:1
816,tree,GASCON,arbe,816,tree:1
817,tree,ITALIAN,albero,817,tree:1
812,tree,EMILIANO_REGGIANO,Elber,812,tree:1
832,tree,PIEMONTESE_LANZO_TORINESE,pyaNta,832,tree:2
825,tree,LOMBARD_PLESIO,pyanta,825,tree:2
839,tree,ROMANSH_GRISHUN,plant3,839,tree:2
840,tree,ROMANSH_SURMIRAN,plant3,840,tree:2
841,tree,ROMANSH_SURSILVAN,plont3,841,tree:2
824,tree,LOMBARD_BERGAMO,pyanta,824,tree:2
818,tree,ITALIAN_GROSSETO_TUSCAN,pyanta,818,tree:2
833,tree,PIEMONTESE_VERCELLESE,pyaNta,833,tree:2
828,tree,NONES_GARDENESE,l3N,828,tree:3
836,tree,ROMANIAN,pom,836,tree:4
842,tree,ROMANSH_VALLADER,bEsS,842,tree:5
799,tree,ARMENIAN_CLASSICAL,tsao,799,tree:6
844,tree,SARDINIAN_CAMPIDANESE,mata,844,tree:6
1007,two,WESTERN_ARMENIAN,yergu,1007,two:0
1005,two,ARMENIAN_CLASSICAL,erku,1005,two:0
1006,two,EASTERN_ARMENIAN,yerku,1006,two:0
1008,two,ARAGONESE,dos,1008,two:1
1052,two,SICILIAN_UnnamedInSource,du,1052,two:1
1051,two,SARDINIAN_LOGUDARESE,duos,1051,two:1
1050,two,SARDINIAN_CAMPIDANESE,duzu,1050,two:1
1053,two,SPANISH,dos,1053,two:1
1049,two,SARDINIAN,duos,1049,two:1
1048,two,ROMANSH_VALLADER,dwos,1048,two:1
1047,two,ROMANSH_SURSILVAN,dus,1047,two:1
1046,two,ROMANSH_SURMIRAN,dus,1046,two:1
1045,two,ROMANSH_GRISHUN,dus,1045,two:1
1041,two,ROMAGNOL_RAVENNATE,do,1041,two:1
1040,two,PORTUGUESE,doiS,1040,two:1
1035,two,OCCITAN_ARANESE,dis,1035,two:1
1031,two,LOMBARD_PLESIO,duu,1031,two:1
1025,two,JUDEO_ESPAGNOL,dos,1025,two:1
1022,two,GASCON,dis,1022,two:1
1021,two,GALICIAN,dous,1021,two:1
1018,two,EMILIANO_REGGIANO,dow,1018,two:1
1017,two,EMILIANO_FERRARESE,du,1017,two:1
1016,two,EMILIANO_CARPIGIANO,du,1016,two:1
1013,two,CATALAN_2,dos,1013,two:1
1012,two,CATALAN,dos,1012,two:1
1011,two,BALEAR_CATALAN,dos,1011,two:1
1010,two,ASTURIAN,dos,1010,two:1
1009,two,ARPITAN,dow,1009,two:1
1030,two,LOMBARD_BERGAMO,du,1030,two:1
1055,two,VALENCIAN,dos,1055,two:1
1026,two,LANGUEDOCIEN,dus,1026,two:1
1056,two,VLACH,dui,1056,two:2
1054,two,TURIA_AROMANIAN,doi,1054,two:2
1023,two,ITALIAN,due,1023,two:2
1024,two,ITALIAN_GROSSETO_TUSCAN,due,1024,two:2
1027,two,LIGURIAN_GENOESE,dui,1027,two:2
1028,two,LIGURIAN_RAPALLO,dui,1028,two:2
1019,two,FRENCH,de,1019,two:2
1029,two,LIGURIAN_STELLA,dui,1029,two:2
1032,two,NEAPOLITAN_CALABRESE,doye,1032,two:2
1033,two,NONES,doi,1033,two:2
1020,two,FRIULIAN,doi,1020,two:2
1014,two,CORSICAN,dwi,1014,two:2
1034,two,NONES_GARDENESE,doy,1034,two:2
1036,two,PIEMONTESE_BARBANIA,duy,1036,two:2
1037,two,PIEMONTESE_CARMAGNOLA,duy,1037,two:2
1038,two,PIEMONTESE_LANZO_TORINESE,duy,1038,two:2
1039,two,PIEMONTESE_VERCELLESE,duy,1039,two:2
1042,two,ROMANIAN,doi,1042,two:2
1043,two,ROMANIAN_2,doy,1043,two:2
1015,two,DALMATIAN,dai,1015,two:2
1044,two,ROMANIAN_MEGLENO,doy,1044,two:2
342,water,WESTERN_ARMENIAN,Cur,342,water:0
341,water,EASTERN_ARMENIAN,jur,341,water:0
340,water,ARMENIAN_CLASSICAL,jur,340,water:0
366,water,LOMBARD_PLESIO,akwa,366,water:1
371,water,PIEMONTESE_BARBANIA,Eva,371,water:1
351,water,EMILIANO_CARPIGIANO,akwa,351,water:1
369,water,NONES_GARDENESE,Ega,369,water:1
368,water,NONES,aka,368,water:1
352,water,EMILIANO_FERRARESE,akwa,352,water:1
372,water,PIEMONTESE_CARMAGNOLA,eva,372,water:1
365,water,LOMBARD_BERGAMO,akwa,365,water:1
367,water,NEAPOLITAN_CALABRESE,akw3,367,water:1
363,water,LIGURIAN_RAPALLO,Egwa,363,water:1
362,water,LIGURIAN_GENOESE,egwa,362,water:1
353,water,EMILIANO_REGGIANO,akva,353,water:1
360,water,JUDEO_ESPAGNOL,agua,360,water:1
359,water,ITALIAN_GROSSETO_TUSCAN,akwa,359,water:1
358,water,ITALIAN,akwa,358,water:1
373,water,PIEMONTESE_LANZO_TORINESE,eva,373,water:1
364,water,LIGURIAN_STELLA,Egwa,364,water:1
374,water,PIEMONTESE_VERCELLESE,akwa,374,water:1
387,water,SPANISH,aga,387,water:1
376,water,ROMAGNOL_RAVENNATE,akva,376,water:1
343,water,ARAGONESE,auga,343,water:1
344,water,ARPITAN,Ewa,344,water:1
345,water,ASTURIAN,agua,345,water:1
355,water,FRIULIAN,agE,355,water:1
386,water,SICILIAN_UnnamedInSource,aka,386,water:1
375,water,PORTUGUESE,Ega,375,water:1
384,water,SARDINIAN_CAMPIDANESE,aba,384,water:1
385,water,SARDINIAN_LOGUDARESE,aba,385,water:1
382,water,ROMANSH_VALLADER,aw3,382,water:1
381,water,ROMANSH_SURMIRAN,av3,381,water:1
380,water,ROMANSH_GRISHUN,aw3,380,water:1
349,water,CORSICAN,akwa,349,water:1
350,water,DALMATIAN,yakua,350,water:1
383,water,SARDINIAN,aba,383,water:1
356,water,GALICIAN,auga,356,water:1
347,water,CATALAN,aix3,347,water:2
346,water,BALEAR_CATALAN,aigo,346,water:2
348,water,CATALAN_2,aix3,348,water:2
361,water,LANGUEDOCIEN,aygo,361,water:2
370,water,OCCITAN_ARANESE,aixuo,370,water:2
389,water,VALENCIAN,aixa,389,water:2
357,water,GASCON,aigo,357,water:2
354,water,FRENCH,o,354,water:3
377,water,ROMANIAN,ap3,377,water:4
378,water,ROMANIAN_2,ap3,378,water:4
379,water,ROMANIAN_MEGLENO,apu,379,water:4
388,water,TURIA_AROMANIAN,apa,388,water:4
390,water,VLACH,apa,390,water:4
1059,we,WESTERN_ARMENIAN,menk,1059,we:0
1058,we,EASTERN_ARMENIAN,menk,1058,we:0
1057,we,ARMENIAN_CLASSICAL,mek,1057,we:0
1077,we,JUDEO_ESPAGNOL,mozotros,1077,we:1
1068,we,EMILIANO_CARPIGIANO,nuEter,1068,we:1
1107,we,VALENCIAN,nosaltres,1107,we:1
1070,we,EMILIANO_REGGIANO,nuEter,1070,we:1
1105,we,SPANISH,nosotros,1105,we:1
1074,we,GASCON,nuzanes,1074,we:1
1087,we,OCCITAN_ARANESE,nuzati,1087,we:1
1104,we,SICILIAN_UnnamedInSource,nuautri,1104,we:1
1065,we,CATALAN_2,nuzaltr3s,1065,we:1
1060,we,ARAGONESE,nusatros,1060,we:1
1063,we,BALEAR_CATALAN,noltros,1063,we:1
1078,we,LANGUEDOCIEN,nuzautres,1078,we:1
1079,we,LIGURIAN_GENOESE,nuiatri,1079,we:1
1081,we,LIGURIAN_STELLA,nuiatri,1081,we:1
1085,we,NONES,noiautri,1085,we:1
1064,we,CATALAN,nuzaltr3s,1064,we:1
1082,we,LOMBARD_BERGAMO,noter,1082,we:1
1095,we,ROMANIAN_2,noy,1095,we:2
1088,we,PIEMONTESE_BARBANIA,nuy,1088,we:2
1108,we,VLACH,noi,1108,we:2
1090,we,PIEMONTESE_LANZO_TORINESE,nuy,1090,we:2
1106,we,TURIA_AROMANIAN,noy,1106,we:2
1096,we,ROMANIAN_MEGLENO,noy,1096,we:2
1091,we,PIEMONTESE_VERCELLESE,nuy,1091,we:2
1094,we,ROMANIAN,noi,1094,we:2
1089,we,PIEMONTESE_CARMAGNOLA,nuy,1089,we:2
1084,we,NEAPOLITAN_CALABRESE,nuy3,1084,we:2
1076,we,ITALIAN_GROSSETO_TUSCAN,noi,1076,we:2
1080,we,LIGURIAN_RAPALLO,nui,1080,we:2
1075,we,ITALIAN,noi,1075,we:2
1072,we,FRIULIAN,nou,1072,we:2
1061,we,ARPITAN,no,1061,we:2
1066,we,CORSICAN,noi,1066,we:2
1067,we,DALMATIAN,noi,1067,we:2
1099,we,ROMANSH_SURSILVAN,nus,1099,we:3
1083,we,LOMBARD_PLESIO,nuN,1083,we:3
1098,we,ROMANSH_SURMIRAN,nows,1098,we:3
1097,we,ROMANSH_GRISHUN,nus,1097,we:3
1092,we,PORTUGUESE,noS,1092,we:3
1062,we,ASTURIAN,nos,1062,we:3
1086,we,NONES_GARDENESE,n3ws,1086,we:3
1102,we,SARDINIAN_CAMPIDANESE,nozu,1102,we:3
1103,we,SARDINIAN_LOGUDARESE,nois,1103,we:3
1093,we,ROMAGNOL_RAVENNATE,now,1093,we:3
1073,we,GALICIAN,nos,1073,we:3
1101,we,SARDINIAN,nos,1101,we:3
1100,we,ROMANSH_VALLADER,nus,1100,we:3
1069,we,EMILIANO_FERRARESE,nu,1069,we:4
1071,we,FRENCH,nu,1071,we:4
240,you,ARMENIAN_CLASSICAL,du,240,you:0
241,you,EASTERN_ARMENIAN,du,241,you:0
275,you,PORTUGUESE,tu,275,you:1
285,you,SARDINIAN_LOGUDARESE,tue,285,you:1
284,you,SARDINIAN_CAMPIDANESE,tuy,284,you:1
277,you,ROMANIAN,tu,277,you:1
279,you,ROMANIAN_MEGLENO,tu,279,you:1
288,you,VALENCIAN,tu,288,you:1
278,you,ROMANIAN_2,tu,278,you:1
243,you,ARAGONESE,tu,243,you:1
267,you,NEAPOLITAN_CALABRESE,tu,267,you:1
242,you,WESTERN_ARMENIAN,tun,242,you:1
245,you,ASTURIAN,tu,245,you:1
246,you,BALEAR_CATALAN,tu,246,you:1
247,you,CATALAN,tu,247,you:1
248,you,CATALAN_2,tu,248,you:1
249,you,CORSICAN,tu,249,you:1
250,you,DALMATIAN,tu,250,you:1
255,you,FRIULIAN,tu,255,you:1
258,you,ITALIAN,tu,258,you:1
269,you,NONES_GARDENESE,tu,269,you:1
283,you,ROMANSH_VALLADER,tu,283,you:1
264,you,LIGURIAN_STELLA,ti,264,you:2
280,you,ROMANSH_GRISHUN,ti,280,you:2
263,you,LIGURIAN_RAPALLO,ti,263,you:2
262,you,LIGURIAN_GENOESE,ti,262,you:2
261,you,LANGUEDOCIEN,ti,261,you:2
259,you,ITALIAN_GROSSETO_TUSCAN,te,259,you:2
257,you,GASCON,ti,257,you:2
256,you,GALICIAN,ti,256,you:2
254,you,FRENCH,ti,254,you:2
253,you,EMILIANO_REGGIANO,te,253,you:2
252,you,EMILIANO_FERRARESE,ti,252,you:2
251,you,EMILIANO_CARPIGIANO,tE,251,you:2
282,you,ROMANSH_SURSILVAN,ti,282,you:2
244,you,ARPITAN,t3,244,you:2
268,you,NONES,ti,268,you:2
270,you,OCCITAN_ARANESE,ti,270,you:2
271,you,PIEMONTESE_BARBANIA,ti,271,you:2
272,you,PIEMONTESE_CARMAGNOLA,ti,272,you:2
273,you,PIEMONTESE_LANZO_TORINESE,ti,273,you:2
274,you,PIEMONTESE_VERCELLESE,ti,274,you:2
265,you,LOMBARD_BERGAMO,te,265,you:2
276,you,ROMAGNOL_RAVENNATE,te,276,you:2
266,you,LOMBARD_PLESIO,ti,266,you:2
281,you,ROMANSH_SURMIRAN,te,281,you:2
260,you,JUDEO_ESPAGNOL,vos,260,you:3
286,you,SPANISH,ustet,286,you:4
289,you,VLACH,tini,289,you:5
287,you,TURIA_AROMANIAN,tini,287,you:5
