concept,language,word
louse,SANSKRIT,yuka
louse,ARAGONESE,pegoLo
louse,ASTURIAN,pioyu
louse,CATALAN,poL
louse,CATALAN_2,poL
louse,CORSICAN,pidoTu
louse,DALMATIAN,pedoklo
louse,EMILIANO_CARPIGIANO,pyoC
louse,EMILIANO_FERRARESE,vdoC
louse,EMILIANO_REGGIANO,pyoC
louse,FRENCH,pu
louse,FRIULIAN,pEdoli
louse,GALICIAN,pioLo
louse,GASCON,pedui
louse,ITALIAN,pidokko
louse,ITALIAN_GROSSETO_TUSCAN,pidokyo
louse,JUDEO_ESPAGNOL,pioxo
louse,LANGUEDOCIEN,pezul
louse,LIGURIAN_GENOESE,pigEju
louse,LIGURIAN_RAPALLO,pigEju
louse,LIGURIAN_STELLA,pyEju
louse,LOMBARD_BERGAMO,pyoC
louse,LOMBARD_PLESIO,pyoC
louse,NEAPOLITAN_CALABRESE,p3ruky3
louse,NONES,piocEl
louse,NONES_FASSANO,poye
louse,NONES_GARDENESE,podl
louse,PIEMONTESE_BARBANIA,puy
louse,PIEMONTESE_CARMAGNOLA,puy
louse,PIEMONTESE_LANZO_TORINESE,puy
louse,PIEMONTESE_VERCELLESE,pyoC
louse,PORTUGUESE,pioLu
louse,ROMAGNOL_RAVENNATE,bdoC
louse,ROMANIAN,p3duke
louse,ROMANIAN_2,paduke
louse,ROMANIAN_MEGLENO,pidukLu
louse,ROMANSH_GRISHUN,pluL
louse,ROMANSH_SURMIRAN,pluL
louse,ROMANSH_SURSILVAN,pluL
louse,ROMANSH_VALLADER,plwoL
louse,SARDINIAN,priogu
louse,SARDINIAN_CAMPIDANESE,prioxu
louse,SARDINIAN_LOGUDARESE,preuku
louse,SPANISH,pioho
liver,SANSKRIT,y3kit
liver,ARAGONESE,figado
liver,CATALAN,fej3
liver,CATALAN_2,fej3
liver,CORSICAN,fegatu
liver,DALMATIAN,figuot
liver,EMILIANO_CARPIGIANO,fedeg
liver,EMILIANO_FERRARESE,fEgat
liver,EMILIANO_REGGIANO,fedeg
liver,FRENCH,fa
liver,FRIULIAN,fiat
liver,GALICIAN,figado
liver,GASCON,hiCe
liver,ITALIAN,fegato
liver,ITALIAN_GROSSETO_TUSCAN,fegato
liver,JUDEO_ESPAGNOL,igado
liver,LANGUEDOCIEN,feje
liver,LIGURIAN_GENOESE,fegatu
liver,LIGURIAN_RAPALLO,figEtu
liver,LIGURIAN_STELLA,fegatu
liver,LOMBARD_BERGAMO,fidek
liver,LOMBARD_PLESIO,fidEk
liver,NEAPOLITAN_CALABRESE,fExat3
liver,NONES,fica
liver,NONES_FASSANO,neygEr
liver,NONES_GARDENESE,foSk
liver,PIEMONTESE_BARBANIA,fidik
liver,PIEMONTESE_CARMAGNOLA,fidik
liver,PIEMONTESE_LANZO_TORINESE,fidik
liver,PIEMONTESE_VERCELLESE,fidik
liver,PORTUGUESE,fixa8u
liver,ROMAGNOL_RAVENNATE,fegat
liver,ROMANIAN,fikat
liver,ROMANIAN_2,fikat
liver,ROMANIAN_MEGLENO,drop
liver,ROMANSH_GRISHUN,5irom
liver,ROMANSH_SURMIRAN,nirom
liver,ROMANSH_SURSILVAN,dir
liver,ROMANSH_VALLADER,53rom
liver,SARDINIAN,figadu
liver,SARDINIAN_CAMPIDANESE,figaw
liver,SARDINIAN_LOGUDARESE,fikadu
liver,SICILIAN_UnnamedInSource,fiCatu
liver,SPANISH,igado
liver,TURIA_AROMANIAN,layikat
breast,SANSKRIT,st3n3h
breast,ARAGONESE,peito
breast,ASTURIAN,peCu
breast,CATALAN,pit
breast,CORSICAN,petu
breast,DALMATIAN,piat
breast,EMILIANO_CARPIGIANO,pEt
breast,EMILIANO_FERRARESE,pEt
breast,EMILIANO_REGGIANO,stom3g
breast,FRENCH,patrin
breast,FRIULIAN,pet
breast,GALICIAN,pEito
breast,GASCON,pupo
breast,ITALIAN,pEtto
breast,ITALIAN_GROSSETO_TUSCAN,pEto
breast,JUDEO_ESPAGNOL,peCo
breast,LANGUEDOCIEN,pupo
breast,LIGURIAN_GENOESE,petu
breast,LIGURIAN_RAPALLO,kaSeta
breast,LIGURIAN_STELLA,pEtu
breast,LOMBARD_BERGAMO,stomEk
breast,LOMBARD_PLESIO,StumEk
breast,NEAPOLITAN_CALABRESE,pyetE
breast,NONES,livEr
breast,NONES_FASSANO,pyet
breast,NONES_GARDENESE,pyet
breast,PIEMONTESE_BARBANIA,pEt
breast,PIEMONTESE_CARMAGNOLA,stomi
breast,PIEMONTESE_LANZO_TORINESE,pEt
breast,PIEMONTESE_VERCELLESE,stomik
breast,PORTUGUESE,saiuS
breast,ROMAGNOL_RAVENNATE,pE3t
breast,ROMANIAN,pept
breast,ROMANIAN_2,s3n
breast,ROMANIAN_MEGLENO,Ciept
breast,ROMANSH_GRISHUN,pET
breast,ROMANSH_SURMIRAN,pET
breast,ROMANSH_SURSILVAN,pEc
breast,ROMANSH_VALLADER,pet
breast,SARDINIAN,petus
breast,SARDINIAN_CAMPIDANESE,pitura
breast,SARDINIAN_LOGUDARESE,petora
breast,SICILIAN_UnnamedInSource,petu
breast,SPANISH,peCo
breast,TURIA_AROMANIAN,caca
breast,VLACH,keptu
come,SANSKRIT,ag3m
come,ARAGONESE,benir
come,ARPITAN,v35i
come,ASTURIAN,venir
come,CATALAN,b3ni
come,CATALAN_2,b3ni
come,CORSICAN,vEn
come,DALMATIAN,venar
come,EMILIANO_CARPIGIANO,5ir
come,EMILIANO_FERRARESE,5ir
come,EMILIANO_REGGIANO,5ir
come,FRENCH,v3ni
come,FRIULIAN,vi5ei
come,GALICIAN,bir
come,GASCON,biene
come,ITALIAN,vEn
come,ITALIAN_GROSSETO_TUSCAN,venire
come,JUDEO_ESPAGNOL,venir
come,LANGUEDOCIEN,bEni
come,LIGURIAN_GENOESE,ve5i
come,LIGURIAN_RAPALLO,ve5i
come,LIGURIAN_STELLA,ve5i
come,LOMBARD_BERGAMO,E5
come,LOMBARD_PLESIO,ve5i
come,NEAPOLITAN_CALABRESE,v3ni
come,NONES,vEnEr
come,NONES_FASSANO,ve5ir
come,NONES_GARDENESE,uni
come,OCCITAN_ARANESE,bie
come,PIEMONTESE_BARBANIA,vni
come,PIEMONTESE_CARMAGNOLA,vni
come,PIEMONTESE_LANZO_TORINESE,vni
come,PIEMONTESE_VERCELLESE,5i
come,PORTUGUESE,vir
come,ROMAGNOL_RAVENNATE,vni
come,ROMANIAN,ven
come,ROMANIAN_2,veny
come,ROMANIAN_MEGLENO,vin
come,ROMANSH_GRISHUN,v35ir
come,ROMANSH_SURMIRAN,nEkr
come,ROMANSH_SURSILVAN,ve5ir
come,ROMANSH_VALLADER,5ir
come,SARDINIAN,benere
come,SARDINIAN_CAMPIDANESE,bEni
come,SARDINIAN_LOGUDARESE,benere
come,SICILIAN_UnnamedInSource,veniri
come,SPANISH,veni
come,VLACH,gini
I,SANSKRIT,3h3m
I,ARAGONESE,yo
I,ARPITAN,Z3
I,ASTURIAN,yo
I,BALEAR_CATALAN,jo
I,CATALAN,Zo
I,CATALAN_2,Zo
I,CORSICAN,eyu
I,DALMATIAN,yu
I,EMILIANO_CARPIGIANO,mE
I,EMILIANO_FERRARESE,mi
I,EMILIANO_REGGIANO,me
I,FRENCH,j3
I,FRIULIAN,yo
I,GASCON,jo
I,ITALIAN,io
I,ITALIAN_GROSSETO_TUSCAN,io
I,JUDEO_ESPAGNOL,yo
I,LIGURIAN_GENOESE,mi
I,LIGURIAN_RAPALLO,mi
I,LIGURIAN_STELLA,mi
I,LOMBARD_BERGAMO,me
I,LOMBARD_PLESIO,mi
I,NEAPOLITAN_CALABRESE,iy3
I,NONES,mi
I,NONES_FASSANO,Ze
I,NONES_GARDENESE,ye
I,OCCITAN_ARANESE,Zu
I,PIEMONTESE_BARBANIA,mi
I,PIEMONTESE_CARMAGNOLA,mi
I,PIEMONTESE_LANZO_TORINESE,mi
I,PIEMONTESE_VERCELLESE,mi
I,PORTUGUESE,eu
I,ROMAGNOL_RAVENNATE,me
I,ROMANIAN_2,ew
I,ROMANIAN_MEGLENO,yo
I,ROMANSH_GRISHUN,yaw
I,ROMANSH_SURMIRAN,i3
I,ROMANSH_SURSILVAN,yEu
I,ROMANSH_VALLADER,Ew
I,SARDINIAN,deo
I,SARDINIAN_CAMPIDANESE,dEw
I,SARDINIAN_LOGUDARESE,deo
I,SICILIAN_UnnamedInSource,iu
I,SPANISH,yo
I,TURIA_AROMANIAN,yo
I,VALENCIAN,yo
I,VLACH,eu
you,SANSKRIT,tv3m
you,ARAGONESE,tu
you,ARPITAN,t3
you,ASTURIAN,tu
you,BALEAR_CATALAN,tu
you,CATALAN,tu
you,CATALAN_2,tu
you,CORSICAN,tu
you,DALMATIAN,tu
you,EMILIANO_CARPIGIANO,tE
you,EMILIANO_FERRARESE,ti
you,EMILIANO_REGGIANO,te
you,FRENCH,ti
you,FRIULIAN,tu
you,GALICIAN,ti
you,GASCON,ti
you,ITALIAN,tu
you,ITALIAN_GROSSETO_TUSCAN,te
you,JUDEO_ESPAGNOL,vos
you,LANGUEDOCIEN,ti
you,LIGURIAN_GENOESE,ti
you,LIGURIAN_RAPALLO,ti
you,LIGURIAN_STELLA,ti
you,LOMBARD_BERGAMO,te
you,LOMBARD_PLESIO,ti
you,NEAPOLITAN_CALABRESE,tu
you,NONES,ti
you,NONES_GARDENESE,tu
you,OCCITAN_ARANESE,ti
you,PIEMONTESE_BARBANIA,ti
you,PIEMONTESE_CARMAGNOLA,ti
you,PIEMONTESE_LANZO_TORINESE,ti
you,PIEMONTESE_VERCELLESE,ti
you,PORTUGUESE,tu
you,ROMAGNOL_RAVENNATE,te
you,ROMANIAN,tu
you,ROMANIAN_2,tu
you,ROMANIAN_MEGLENO,tu
you,ROMANSH_GRISHUN,ti
you,ROMANSH_SURMIRAN,te
you,ROMANSH_SURSILVAN,ti
you,ROMANSH_VALLADER,tu
you,SARDINIAN_CAMPIDANESE,tuy
you,SARDINIAN_LOGUDARESE,tue
you,SPANISH,ustet
you,TURIA_AROMANIAN,tini
you,VALENCIAN,tu
you,VLACH,tini
star,SANSKRIT,tara
star,ARAGONESE,estrela
star,ARPITAN,etela
star,ASTURIAN,estrella
star,BALEAR_CATALAN,3stEl
star,CATALAN,3streL3
star,CATALAN_2,3stEl
star,CORSICAN,Steda
star,DALMATIAN,stala
star,EMILIANO_CARPIGIANO,stEla
star,EMILIANO_FERRARESE,stEla
star,EMILIANO_REGGIANO,strEla
star,FRENCH,etol
star,FRIULIAN,stelE
star,GALICIAN,Estrela
star,GASCON,estero
star,ITALIAN,stella
star,ITALIAN_GROSSETO_TUSCAN,stela
star,JUDEO_ESPAGNOL,estreya
star,LANGUEDOCIEN,estelo
star,LIGURIAN_GENOESE,stela
star,LIGURIAN_RAPALLO,stela
star,LIGURIAN_STELLA,StEya
star,LOMBARD_BERGAMO,stEla
star,LOMBARD_PLESIO,StEla
star,NEAPOLITAN_CALABRESE,stel3
star,NONES_FASSANO,Steyla
star,NONES_GARDENESE,St3yla
star,OCCITAN_ARANESE,estelo
star,PIEMONTESE_BARBANIA,stEyla
star,PIEMONTESE_CARMAGNOLA,stEyla
star,PIEMONTESE_LANZO_TORINESE,stEyla
star,PIEMONTESE_VERCELLESE,stola
star,PORTUGUESE,3Strela
star,ROMAGNOL_RAVENNATE,ste3la
star,ROMANIAN,stea
star,ROMANIAN_2,stea
star,ROMANIAN_MEGLENO,stew3
star,ROMANSH_GRISHUN,Stayl3
star,ROMANSH_SURMIRAN,stEyl3
star,ROMANSH_SURSILVAN,Steil3
star,ROMANSH_VALLADER,stayl3
star,SARDINIAN,isteda
star,SARDINIAN_CAMPIDANESE,stEda
star,SARDINIAN_LOGUDARESE,isteda
star,SICILIAN_UnnamedInSource,stida
star,SPANISH,estreya
star,VALENCIAN,estrEla
star,VLACH,stiaua
bone,SANSKRIT,3sti
bone,ARAGONESE,geso
bone,ASTURIAN,uesu
bone,BALEAR_CATALAN,os
bone,CATALAN,os
bone,CATALAN_2,os
bone,CORSICAN,osu
bone,DALMATIAN,vuas
bone,EMILIANO_CARPIGIANO,os
bone,EMILIANO_FERRARESE,os
bone,EMILIANO_REGGIANO,os
bone,FRENCH,os
bone,FRIULIAN,ves
bone,GALICIAN,oso
bone,GASCON,os
bone,ITALIAN,osso
bone,ITALIAN_GROSSETO_TUSCAN,oso
bone,JUDEO_ESPAGNOL,gueso
bone,LANGUEDOCIEN,os
bone,LIGURIAN_GENOESE,Esu
bone,LIGURIAN_RAPALLO,osu
bone,LIGURIAN_STELLA,osu
bone,LOMBARD_BERGAMO,os
bone,LOMBARD_PLESIO,os
bone,NEAPOLITAN_CALABRESE,wos3
bone,NONES,os
bone,NONES_FASSANO,os
bone,NONES_GARDENESE,os
bone,OCCITAN_ARANESE,os
bone,PIEMONTESE_BARBANIA,os
bone,PIEMONTESE_CARMAGNOLA,os
bone,PIEMONTESE_LANZO_TORINESE,os
bone,PIEMONTESE_VERCELLESE,os
bone,PORTUGUESE,osu
bone,ROMAGNOL_RAVENNATE,os
bone,ROMANIAN,os
bone,ROMANIAN_2,os
bone,ROMANIAN_MEGLENO,wos
bone,ROMANSH_GRISHUN,os
bone,ROMANSH_SURMIRAN,os
bone,ROMANSH_SURSILVAN,ies
bone,ROMANSH_VALLADER,os
bone,SARDINIAN,osu
bone,SARDINIAN_CAMPIDANESE,osu
bone,SARDINIAN_LOGUDARESE,osu
bone,SICILIAN_UnnamedInSource,osu
bone,SPANISH,weso
bone,TURIA_AROMANIAN,os
bone,VALENCIAN,os
new,SANSKRIT,n3v3
new,ARAGONESE,nuebo
new,ARPITAN,novo
new,ASTURIAN,nuevu
new,BALEAR_CATALAN,now
new,CATALAN,nou
new,CATALAN_2,now
new,DALMATIAN,nuf
new,EMILIANO_CARPIGIANO,nov
new,EMILIANO_FERRARESE,nov
new,EMILIANO_REGGIANO,nov
new,FRENCH,nuvo
new,FRIULIAN,5ouf
new,GALICIAN,nobo
new,GASCON,nau
new,ITALIAN,nwovo
new,ITALIAN_GROSSETO_TUSCAN,novo
new,JUDEO_ESPAGNOL,muevo
new,LANGUEDOCIEN,naw
new,LIGURIAN_GENOESE,nEvu
new,LIGURIAN_RAPALLO,nEvu
new,LIGURIAN_STELLA,nEvu
new,LOMBARD_BERGAMO,nof
new,LOMBARD_PLESIO,nof
new,NEAPOLITAN_CALABRESE,nwov3
new,NONES,neo
new,NONES_FASSANO,nef
new,NONES_GARDENESE,nwef
new,OCCITAN_ARANESE,nau
new,PIEMONTESE_BARBANIA,nov
new,PIEMONTESE_CARMAGNOLA,now
new,PIEMONTESE_LANZO_TORINESE,nov
new,PIEMONTESE_VERCELLESE,nof
new,PORTUGUESE,novu
new,ROMAGNOL_RAVENNATE,no3v
new,ROMANIAN,nou
new,ROMANIAN_2,now
new,ROMANIAN_MEGLENO,now
new,ROMANSH_GRISHUN,nof
new,ROMANSH_SURMIRAN,nof
new,ROMANSH_SURSILVAN,nief
new,ROMANSH_VALLADER,nowf
new,SARDINIAN,nou
new,SARDINIAN_CAMPIDANESE,now
new,SARDINIAN_LOGUDARESE,novu
new,SICILIAN_UnnamedInSource,novu
new,SPANISH,nuevo
new,VALENCIAN,now
new,VLACH,nou
full,SANSKRIT,purn3
full,ARAGONESE,pleno
full,ARPITAN,plE
full,ASTURIAN,Leno
full,BALEAR_CATALAN,plE
full,CATALAN,plE
full,CATALAN_2,plE
full,DALMATIAN,plain
full,EMILIANO_CARPIGIANO,pin
full,EMILIANO_FERRARESE,pin
full,EMILIANO_REGGIANO,pin
full,FRENCH,pl3
full,FRIULIAN,plen
full,GALICIAN,Ceo
full,GASCON,ple
full,ITALIAN,pyEno
full,ITALIAN_GROSSETO_TUSCAN,pyEno
full,JUDEO_ESPAGNOL,yeno
full,LANGUEDOCIEN,ple
full,LIGURIAN_GENOESE,piN
full,LIGURIAN_RAPALLO,piN
full,LIGURIAN_STELLA,CEN
full,LOMBARD_BERGAMO,pye
full,LOMBARD_PLESIO,pyee
full,NEAPOLITAN_CALABRESE,kin3
full,NONES,plen
full,NONES_FASSANO,pye5
full,NONES_GARDENESE,pl35
full,OCCITAN_ARANESE,pleN
full,PIEMONTESE_BARBANIA,pyEN
full,PIEMONTESE_CARMAGNOLA,pyEN
full,PIEMONTESE_LANZO_TORINESE,pyEN
full,PIEMONTESE_VERCELLESE,piN
full,PORTUGUESE,Seyu
full,ROMAGNOL_RAVENNATE,pin
full,ROMANIAN,plin
full,ROMANIAN_2,plin
full,ROMANIAN_MEGLENO,plin
full,ROMANSH_GRISHUN,playn
full,ROMANSH_SURMIRAN,pla5
full,ROMANSH_SURSILVAN,plein
full,ROMANSH_VALLADER,playn
full,SARDINIAN,prenu
full,SARDINIAN_CAMPIDANESE,prenu
full,SARDINIAN_LOGUDARESE,prenu
full,SICILIAN_UnnamedInSource,Cinu
full,SPANISH,yeno
full,VALENCIAN,plE
full,VLACH,mplinu
horn,SANSKRIT,SiNg3m
horn,ARAGONESE,kerno
horn,ASTURIAN,kuernu
horn,BALEAR_CATALAN,ba53
horn,CATALAN,korn
horn,CATALAN_2,ba53
horn,CORSICAN,kori
horn,DALMATIAN,kuarN
horn,EMILIANO_CARPIGIANO,koren
horn,EMILIANO_FERRARESE,koran
horn,EMILIANO_REGGIANO,koren
horn,FRENCH,korn
horn,FRIULIAN,kar
horn,GALICIAN,korno
horn,GASCON,korno
horn,ITALIAN,korno
horn,ITALIAN_GROSSETO_TUSCAN,korno
horn,JUDEO_ESPAGNOL,kuerno
horn,LANGUEDOCIEN,korno
horn,LIGURIAN_GENOESE,kornu
horn,LIGURIAN_RAPALLO,kornu
horn,LIGURIAN_STELLA,kornu
horn,LOMBARD_BERGAMO,koren
horn,LOMBARD_PLESIO,kornu
horn,NEAPOLITAN_CALABRESE,korn3
horn,NONES,korn
horn,NONES_FASSANO,korn
horn,NONES_GARDENESE,korn
horn,OCCITAN_ARANESE,korno
horn,PIEMONTESE_BARBANIA,korn
horn,PIEMONTESE_CARMAGNOLA,korn
horn,PIEMONTESE_LANZO_TORINESE,korn
horn,PIEMONTESE_VERCELLESE,kornu
horn,PORTUGUESE,Sifr3
horn,ROMAGNOL_RAVENNATE,ko3ran
horn,ROMANIAN,korn
horn,ROMANIAN_2,korn
horn,ROMANIAN_MEGLENO,korn
horn,ROMANSH_GRISHUN,korn3
horn,ROMANSH_SURMIRAN,korn3
horn,ROMANSH_SURSILVAN,Ciern
horn,ROMANSH_VALLADER,korn3
horn,SARDINIAN,koru
horn,SARDINIAN_CAMPIDANESE,koru
horn,SARDINIAN_LOGUDARESE,koru
horn,SICILIAN_UnnamedInSource,kornutu
horn,SPANISH,kerno
horn,TURIA_AROMANIAN,kornu
horn,VALENCIAN,ba5a
leaf,SANSKRIT,p3tr3m
leaf,ARAGONESE,fueLa
leaf,ARPITAN,foL3
leaf,ASTURIAN,fueya
leaf,BALEAR_CATALAN,fuL3
leaf,CATALAN,fuL3
leaf,CATALAN_2,fuL3
leaf,CORSICAN,foLa
leaf,DALMATIAN,fuaLa
leaf,EMILIANO_CARPIGIANO,foya
leaf,EMILIANO_FERRARESE,foya
leaf,EMILIANO_REGGIANO,foya
leaf,FRENCH,f3y
leaf,FRIULIAN,feE
leaf,GALICIAN,foLa
leaf,GASCON,wueyo
leaf,ITALIAN,foLa
leaf,ITALIAN_GROSSETO_TUSCAN,foLa
leaf,JUDEO_ESPAGNOL,oxa
leaf,LANGUEDOCIEN,fiElo
leaf,LIGURIAN_GENOESE,foya
leaf,LIGURIAN_RAPALLO,foya
leaf,LIGURIAN_STELLA,fEya
leaf,LOMBARD_BERGAMO,foya
leaf,LOMBARD_PLESIO,foya
leaf,NEAPOLITAN_CALABRESE,foy3
leaf,NONES,foya
leaf,NONES_FASSANO,foa
leaf,NONES_GARDENESE,pleCa
leaf,OCCITAN_ARANESE,ueLo
leaf,PIEMONTESE_BARBANIA,foya
leaf,PIEMONTESE_CARMAGNOLA,foya
leaf,PIEMONTESE_LANZO_TORINESE,foya
leaf,PIEMONTESE_VERCELLESE,foya
leaf,PORTUGUESE,foLa
leaf,ROMAGNOL_RAVENNATE,foya
leaf,ROMANIAN,frunz3
leaf,ROMANIAN_2,foaie
leaf,ROMANIAN_MEGLENO,frunz3
leaf,ROMANSH_GRISHUN,feL
leaf,ROMANSH_SURMIRAN,fiL
leaf,ROMANSH_SURSILVAN,fEL
leaf,ROMANSH_VALLADER,foL3
leaf,SARDINIAN,foza
leaf,SARDINIAN_CAMPIDANESE,fola
leaf,SARDINIAN_LOGUDARESE,foZa
leaf,SICILIAN_UnnamedInSource,fogia
leaf,SPANISH,oha
leaf,VALENCIAN,fuLa
fire,SANSKRIT,3gnih
fire,ARAGONESE,fuego
fire,ASTURIAN,fueu
fire,BALEAR_CATALAN,foT
fire,CATALAN,fok
fire,CATALAN_2,fok
fire,CORSICAN,fogu
fire,DALMATIAN,fuk
fire,EMILIANO_CARPIGIANO,fog
fire,EMILIANO_FERRARESE,fog
fire,EMILIANO_REGGIANO,fog
fire,FRENCH,fe
fire,FRIULIAN,fouk
fire,GALICIAN,lume
fire,GASCON,huek
fire,ITALIAN,fwoko
fire,ITALIAN_GROSSETO_TUSCAN,foko
fire,JUDEO_ESPAGNOL,fuego
fire,LANGUEDOCIEN,fiok
fire,LIGURIAN_GENOESE,fEgu
fire,LIGURIAN_RAPALLO,fEgu
fire,LIGURIAN_STELLA,fE
fire,LOMBARD_BERGAMO,fok
fire,LOMBARD_PLESIO,fok
fire,NEAPOLITAN_CALABRESE,fok3
fire,NONES,fec
fire,NONES_FASSANO,fek
fire,NONES_GARDENESE,fwek
fire,OCCITAN_ARANESE,uek
fire,PIEMONTESE_BARBANIA,fo
fire,PIEMONTESE_CARMAGNOLA,fo
fire,PIEMONTESE_LANZO_TORINESE,fo
fire,PIEMONTESE_VERCELLESE,fok
fire,PORTUGUESE,fogu
fire,ROMAGNOL_RAVENNATE,fug
fire,ROMANIAN,fok
fire,ROMANIAN_2,fok
fire,ROMANIAN_MEGLENO,fok
fire,ROMANSH_GRISHUN,fyew
fire,ROMANSH_SURMIRAN,fi
fire,ROMANSH_SURSILVAN,fug
fire,ROMANSH_VALLADER,fo
fire,SARDINIAN,fogu
fire,SARDINIAN_CAMPIDANESE,foxu
fire,SARDINIAN_LOGUDARESE,fogu
fire,SICILIAN_UnnamedInSource,foku
fire,SPANISH,fuego
fire,VALENCIAN,fok
fire,VLACH,foku
water,SANSKRIT,T3l3m
water,ARAGONESE,auga
water,ARPITAN,Ewa
water,ASTURIAN,agua
water,BALEAR_CATALAN,aigo
water,CATALAN,aix3
water,CATALAN_2,aix3
water,CORSICAN,akwa
water,DALMATIAN,yakua
water,EMILIANO_CARPIGIANO,akwa
water,EMILIANO_FERRARESE,akwa
water,EMILIANO_REGGIANO,akva
water,FRENCH,o
water,FRIULIAN,agE
water,GALICIAN,auga
water,GASCON,aigo
water,ITALIAN,akwa
water,ITALIAN_GROSSETO_TUSCAN,akwa
water,JUDEO_ESPAGNOL,agua
water,LANGUEDOCIEN,aygo
water,LIGURIAN_GENOESE,egwa
water,LIGURIAN_RAPALLO,Egwa
water,LIGURIAN_STELLA,Egwa
water,LOMBARD_BERGAMO,akwa
water,LOMBARD_PLESIO,akwa
water,NEAPOLITAN_CALABRESE,akw3
water,NONES,aka
water,NONES_GARDENESE,Ega
water,OCCITAN_ARANESE,aixuo
water,PIEMONTESE_BARBANIA,Eva
water,PIEMONTESE_CARMAGNOLA,eva
water,PIEMONTESE_LANZO_TORINESE,eva
water,PIEMONTESE_VERCELLESE,akwa
water,PORTUGUESE,Ega
water,ROMAGNOL_RAVENNATE,akva
water,ROMANIAN,ap3
water,ROMANIAN_2,ap3
water,ROMANIAN_MEGLENO,apu
water,ROMANSH_GRISHUN,aw3
water,ROMANSH_SURMIRAN,av3
water,ROMANSH_VALLADER,aw3
water,SARDINIAN,aba
water,SARDINIAN_CAMPIDANESE,aba
water,SARDINIAN_LOGUDARESE,aba
water,SICILIAN_UnnamedInSource,aka
water,SPANISH,aga
water,TURIA_AROMANIAN,apa
water,VALENCIAN,aixa
water,VLACH,apa
dog,SANSKRIT,Sva
dog,ARAGONESE,kan
dog,ARPITAN,Si
dog,ASTURIAN,perru
dog,BALEAR_CATALAN,ka
dog,CATALAN,gos
dog,CATALAN_2,gos
dog,CORSICAN,Takaru
dog,DALMATIAN,kuoN
dog,EMILIANO_CARPIGIANO,kaN
dog,EMILIANO_FERRARESE,kan
dog,EMILIANO_REGGIANO,kan
dog,FRENCH,Sia
dog,FRIULIAN,CaN
dog,GALICIAN,kan
dog,GASCON,ka
dog,ITALIAN,kane
dog,ITALIAN_GROSSETO_TUSCAN,kane
dog,JUDEO_ESPAGNOL,perro
dog,LANGUEDOCIEN,ka
dog,LIGURIAN_GENOESE,kaN
dog,LIGURIAN_RAPALLO,kaN
dog,LIGURIAN_STELLA,kaN
dog,LOMBARD_BERGAMO,ka
dog,LOMBARD_PLESIO,kaN
dog,NEAPOLITAN_CALABRESE,kan3
dog,NONES,cain
dog,NONES_FASSANO,Ta5
dog,NONES_GARDENESE,Ta5
dog,OCCITAN_ARANESE,kaN
dog,PIEMONTESE_BARBANIA,kaN
dog,PIEMONTESE_CARMAGNOLA,kaN
dog,PIEMONTESE_LANZO_TORINESE,kaN
dog,PIEMONTESE_VERCELLESE,kaN
dog,PORTUGUESE,kau
dog,ROMAGNOL_RAVENNATE,kan
dog,ROMANIAN,k3ne
dog,ROMANIAN_2,kaine
dog,ROMANIAN_MEGLENO,koyni
dog,ROMANSH_GRISHUN,Tawn
dog,ROMANSH_SURMIRAN,TaN
dog,ROMANSH_SURSILVAN,Caun
dog,ROMANSH_VALLADER,San
dog,SARDINIAN,kane
dog,SARDINIAN_CAMPIDANESE,kai
dog,SARDINIAN_LOGUDARESE,kane
dog,SICILIAN_UnnamedInSource,kani
dog,SPANISH,pero
dog,VALENCIAN,gos
tree,SANSKRIT,vikS3
tree,ARAGONESE,arbol
tree,ARPITAN,abro
tree,ASTURIAN,arbol
tree,BALEAR_CATALAN,abr3
tree,CATALAN,abr3
tree,CATALAN_2,abr3
tree,CORSICAN,arburu
tree,DALMATIAN,yarbur
tree,EMILIANO_CARPIGIANO,elber
tree,EMILIANO_FERRARESE,arbul
tree,EMILIANO_REGGIANO,Elber
tree,FRENCH,arbr3
tree,FRIULIAN,arbul
tree,GALICIAN,arbore
tree,GASCON,arbe
tree,ITALIAN,albero
tree,ITALIAN_GROSSETO_TUSCAN,pyanta
tree,JUDEO_ESPAGNOL,arvole
tree,LANGUEDOCIEN,arbre
tree,LIGURIAN_GENOESE,erbu
tree,LIGURIAN_RAPALLO,Erbu
tree,LIGURIAN_STELLA,Erbu
tree,LOMBARD_BERGAMO,pyanta
tree,LOMBARD_PLESIO,pyanta
tree,NEAPOLITAN_CALABRESE,ab3r3
tree,NONES,arbol
tree,NONES_GARDENESE,l3N
tree,OCCITAN_ARANESE,arbe
tree,PIEMONTESE_BARBANIA,Erbu
tree,PIEMONTESE_CARMAGNOLA,Erbu
tree,PIEMONTESE_LANZO_TORINESE,pyaNta
tree,PIEMONTESE_VERCELLESE,pyaNta
tree,PORTUGUESE,Ervur3
tree,ROMAGNOL_RAVENNATE,e3lbar
tree,ROMANIAN,pom
tree,ROMANIAN_2,arbore
tree,ROMANIAN_MEGLENO,arbur
tree,ROMANSH_GRISHUN,plant3
tree,ROMANSH_SURMIRAN,plant3
tree,ROMANSH_SURSILVAN,plont3
tree,ROMANSH_VALLADER,bEsS
tree,SARDINIAN,arvure
tree,SARDINIAN_CAMPIDANESE,mata
tree,SARDINIAN_LOGUDARESE,arvure
tree,SICILIAN_UnnamedInSource,arbulu
tree,SPANISH,arbol
tree,VALENCIAN,arbre
tree,VLACH,arbor
path,SANSKRIT,p3ntah
path,ARAGONESE,kamin
path,ARPITAN,Sami
path,ASTURIAN,kamin
path,BALEAR_CATALAN,k3mi
path,CATALAN,k3mi
path,CATALAN_2,k3mi
path,CORSICAN,Strada
path,DALMATIAN,kal
path,EMILIANO_CARPIGIANO,strEda
path,EMILIANO_FERRARESE,strada
path,EMILIANO_REGGIANO,strEda
path,FRENCH,rut
path,FRIULIAN,stradE
path,GALICIAN,Estrada
path,GASCON,kami
path,ITALIAN,sentyaro
path,ITALIAN_GROSSETO_TUSCAN,strada
path,JUDEO_ESPAGNOL,kamino
path,LANGUEDOCIEN,kami
path,LIGURIAN_GENOESE,strada
path,LIGURIAN_RAPALLO,strada
path,LIGURIAN_STELLA,Stro
path,LOMBARD_BERGAMO,strada
path,LOMBARD_PLESIO,Strada
path,NEAPOLITAN_CALABRESE,strat3
path,NONES,strada
path,NONES_FASSANO,StrEda
path,NONES_GARDENESE,StrEda
path,OCCITAN_ARANESE,kursEro
path,PIEMONTESE_BARBANIA,stra
path,PIEMONTESE_CARMAGNOLA,stra
path,PIEMONTESE_LANZO_TORINESE,stra
path,PIEMONTESE_VERCELLESE,stra
path,PORTUGUESE,seda
path,ROMAGNOL_RAVENNATE,stre3
path,ROMANIAN,k3rare
path,ROMANIAN_2,cale
path,ROMANIAN_MEGLENO,drum
path,ROMANSH_GRISHUN,vi3
path,ROMANSH_SURMIRAN,vey3
path,ROMANSH_SURSILVAN,sEnd3
path,ROMANSH_VALLADER,vi3
path,SARDINIAN,istrada
path,SARDINIAN_CAMPIDANESE,aruxa
path,SARDINIAN_LOGUDARESE,istrada
path,SICILIAN_UnnamedInSource,strata
path,SPANISH,senda
path,TURIA_AROMANIAN,kali
path,VALENCIAN,kami
hear,SANSKRIT,Sru
hear,ARAGONESE,sentir
hear,ARPITAN,ekota
hear,ASTURIAN,oyer
hear,BALEAR_CATALAN,s3nti
hear,CATALAN,s3nti
hear,CATALAN_2,s3nti
hear,CORSICAN,sEnt
hear,DALMATIAN,sentar
hear,EMILIANO_CARPIGIANO,siNtir
hear,EMILIANO_FERRARESE,sintir
hear,EMILIANO_REGGIANO,sEynter
hear,FRENCH,otadr
hear,FRIULIAN,sintei
hear,GALICIAN,oir
hear,GASCON,auzi
hear,ITALIAN,ud
hear,ITALIAN_GROSSETO_TUSCAN,sentire
hear,JUDEO_ESPAGNOL,oir
hear,LANGUEDOCIEN,awzi
hear,LIGURIAN_GENOESE,seNti
hear,LIGURIAN_RAPALLO,seNti
hear,LIGURIAN_STELLA,seNti
hear,LOMBARD_BERGAMO,sinti
hear,LOMBARD_PLESIO,senti
hear,NEAPOLITAN_CALABRESE,s3nti
hear,NONES,senir
hear,NONES_FASSANO,sentir
hear,NONES_GARDENESE,awdi
hear,OCCITAN_ARANESE,enene
hear,PIEMONTESE_BARBANIA,sENte
hear,PIEMONTESE_CARMAGNOLA,sENte
hear,PIEMONTESE_LANZO_TORINESE,sENte
hear,PIEMONTESE_VERCELLESE,seNti
hear,PORTUGUESE,ov
hear,ROMAGNOL_RAVENNATE,sinti
hear,ROMANIAN,auz
hear,ROMANIAN_2,auzy
hear,ROMANIAN_MEGLENO,ut
hear,ROMANSH_GRISHUN,udir
hear,ROMANSH_SURMIRAN,santkEr
hear,ROMANSH_SURSILVAN,udir
hear,ROMANSH_VALLADER,dudir
hear,SARDINIAN,intendere
hear,SARDINIAN_CAMPIDANESE,intEndi
hear,SARDINIAN_LOGUDARESE,intendere
hear,SICILIAN_UnnamedInSource,sentiri
hear,SPANISH,oir
hear,VALENCIAN,sentir
hear,VLACH,aseultu
night,SANSKRIT,n3kt3m
night,ARAGONESE,nueit
night,ARPITAN,nE
night,ASTURIAN,nueCe
night,BALEAR_CATALAN,nit
night,CATALAN,nit
night,CATALAN_2,nit
night,CORSICAN,noti
night,DALMATIAN,nuat
night,EMILIANO_CARPIGIANO,not
night,EMILIANO_FERRARESE,not
night,EMILIANO_REGGIANO,not
night,FRENCH,nui
night,FRIULIAN,5ot
night,GALICIAN,noite
night,GASCON,nwoyt
night,ITALIAN,notte
night,ITALIAN_GROSSETO_TUSCAN,note
night,JUDEO_ESPAGNOL,noCe
night,LANGUEDOCIEN,5oC
night,LIGURIAN_GENOESE,nEte
night,LIGURIAN_RAPALLO,nEte
night,LIGURIAN_STELLA,nECe
night,LOMBARD_BERGAMO,noC
night,LOMBARD_PLESIO,noC
night,NEAPOLITAN_CALABRESE,not3
night,NONES,not
night,NONES_FASSANO,net
night,NONES_GARDENESE,nwet
night,OCCITAN_ARANESE,ne
night,PIEMONTESE_BARBANIA,noyt
night,PIEMONTESE_CARMAGNOLA,noyt
night,PIEMONTESE_LANZO_TORINESE,noyt
night,PIEMONTESE_VERCELLESE,noC
night,PORTUGUESE,noyt3
night,ROMAGNOL_RAVENNATE,nota
night,ROMANIAN,noapte
night,ROMANIAN_2,noapte
night,ROMANIAN_MEGLENO,noapti
night,ROMANSH_GRISHUN,noT
night,ROMANSH_SURMIRAN,noT
night,ROMANSH_SURSILVAN,noC
night,ROMANSH_VALLADER,not
night,SARDINIAN,note
night,SARDINIAN_CAMPIDANESE,noti
night,SARDINIAN_LOGUDARESE,note
night,SICILIAN_UnnamedInSource,noti
night,SPANISH,noCe
night,VALENCIAN,nit
night,VLACH,napte
two,SANSKRIT,dv3u
two,ARAGONESE,dos
two,ARPITAN,dow
two,ASTURIAN,dos
two,BALEAR_CATALAN,dos
two,CATALAN,dos
two,CATALAN_2,dos
two,CORSICAN,dwi
two,DALMATIAN,dai
two,EMILIANO_CARPIGIANO,du
two,EMILIANO_FERRARESE,du
two,EMILIANO_REGGIANO,dow
two,FRENCH,de
two,FRIULIAN,doi
two,GALICIAN,dous
two,GASCON,dis
two,ITALIAN,due
two,ITALIAN_GROSSETO_TUSCAN,due
two,JUDEO_ESPAGNOL,dos
two,LANGUEDOCIEN,dus
two,LIGURIAN_GENOESE,dui
two,LIGURIAN_RAPALLO,dui
two,LIGURIAN_STELLA,dui
two,LOMBARD_BERGAMO,du
two,LOMBARD_PLESIO,duu
two,NEAPOLITAN_CALABRESE,doye
two,NONES,doi
two,NONES_GARDENESE,doy
two,OCCITAN_ARANESE,dis
two,PIEMONTESE_BARBANIA,duy
two,PIEMONTESE_CARMAGNOLA,duy
two,PIEMONTESE_LANZO_TORINESE,duy
two,PIEMONTESE_VERCELLESE,duy
two,PORTUGUESE,doiS
two,ROMAGNOL_RAVENNATE,do
two,ROMANIAN,doi
two,ROMANIAN_2,doy
two,ROMANIAN_MEGLENO,doy
two,ROMANSH_GRISHUN,dus
two,ROMANSH_SURMIRAN,dus
two,ROMANSH_SURSILVAN,dus
two,ROMANSH_VALLADER,dwos
two,SARDINIAN,duos
two,SARDINIAN_CAMPIDANESE,duzu
two,SARDINIAN_LOGUDARESE,duos
two,SICILIAN_UnnamedInSource,du
two,SPANISH,dos
two,TURIA_AROMANIAN,doi
two,VALENCIAN,dos
two,VLACH,dui
we,SANSKRIT,v3y3m
we,ARAGONESE,nusatros
we,ARPITAN,no
we,ASTURIAN,nos
we,BALEAR_CATALAN,noltros
we,CATALAN,nuzaltr3s
we,CATALAN_2,nuzaltr3s
we,CORSICAN,noi
we,DALMATIAN,noi
we,EMILIANO_CARPIGIANO,nuEter
we,EMILIANO_FERRARESE,nu
we,EMILIANO_REGGIANO,nuEter
we,FRENCH,nu
we,FRIULIAN,nou
we,GALICIAN,nos
we,GASCON,nuzanes
we,ITALIAN,noi
we,ITALIAN_GROSSETO_TUSCAN,noi
we,JUDEO_ESPAGNOL,mozotros
we,LANGUEDOCIEN,nuzautres
we,LIGURIAN_GENOESE,nuiatri
we,LIGURIAN_RAPALLO,nui
we,LIGURIAN_STELLA,nuiatri
we,LOMBARD_BERGAMO,noter
we,LOMBARD_PLESIO,nuN
we,NEAPOLITAN_CALABRESE,nuy3
we,NONES,noiautri
we,NONES_GARDENESE,n3ws
we,OCCITAN_ARANESE,nuzati
we,PIEMONTESE_BARBANIA,nuy
we,PIEMONTESE_CARMAGNOLA,nuy
we,PIEMONTESE_LANZO_TORINESE,nuy
we,PIEMONTESE_VERCELLESE,nuy
we,PORTUGUESE,noS
we,ROMAGNOL_RAVENNATE,now
we,ROMANIAN,noi
we,ROMANIAN_2,noy
we,ROMANIAN_MEGLENO,noy
we,ROMANSH_GRISHUN,nus
we,ROMANSH_SURMIRAN,nows
we,ROMANSH_SURSILVAN,nus
we,ROMANSH_VALLADER,nus
we,SARDINIAN,nos
we,SARDINIAN_CAMPIDANESE,nozu
we,SARDINIAN_LOGUDARESE,nois
we,SICILIAN_UnnamedInSource,nuautri
we,SPANISH,nosotros
we,TURIA_AROMANIAN,noy
we,VALENCIAN,nosaltres
we,VLACH,noi
fish,SANSKRIT,min3h
fish,ARAGONESE,peS
fish,ARPITAN,p3so
fish,ASTURIAN,peSe
fish,BALEAR_CATALAN,peiS
fish,CATALAN,peS
fish,CATALAN_2,peS
fish,CORSICAN,pESu
fish,DALMATIAN,pias
fish,EMILIANO_CARPIGIANO,pEs
fish,EMILIANO_FERRARESE,pEs
fish,EMILIANO_REGGIANO,pEs
fish,FRENCH,paso
fish,FRIULIAN,pes
fish,GALICIAN,pEiSe
fish,GASCON,pES
fish,ITALIAN,peSe
fish,ITALIAN_GROSSETO_TUSCAN,peSe
fish,JUDEO_ESPAGNOL,peSkado
fish,LANGUEDOCIEN,peys
fish,LIGURIAN_GENOESE,peSu
fish,LIGURIAN_RAPALLO,pESu
fish,LIGURIAN_STELLA,pESu
fish,LOMBARD_BERGAMO,pEs
fish,LOMBARD_PLESIO,pEs
fish,NEAPOLITAN_CALABRESE,peS3
fish,NONES,pes
fish,NONES_FASSANO,peS
fish,NONES_GARDENESE,p3S
fish,OCCITAN_ARANESE,peiS
fish,PIEMONTESE_BARBANIA,p3s
fish,PIEMONTESE_CARMAGNOLA,pEs
fish,PIEMONTESE_LANZO_TORINESE,pES
fish,PIEMONTESE_VERCELLESE,pos
fish,PORTUGUESE,paiS3
fish,ROMAGNOL_RAVENNATE,pEs
fish,ROMANIAN,peSte
fish,ROMANIAN_2,peSte
fish,ROMANIAN_MEGLENO,peaSti
fish,ROMANSH_GRISHUN,peS
fish,ROMANSH_SURMIRAN,peS
fish,ROMANSH_SURSILVAN,pES
fish,ROMANSH_VALLADER,peS
fish,SARDINIAN,piSe
fish,SARDINIAN_CAMPIDANESE,piSi
fish,SARDINIAN_LOGUDARESE,piske
fish,SICILIAN_UnnamedInSource,peSi
fish,SPANISH,peskado
fish,VALENCIAN,peiS
fish,VLACH,pesku
skin,SANSKRIT,tv3k
skin,ARAGONESE,piel
skin,ASTURIAN,piel
skin,BALEAR_CATALAN,peL
skin,CATALAN,peL
skin,CATALAN_2,peL
skin,CORSICAN,pedi
skin,DALMATIAN,pial
skin,EMILIANO_CARPIGIANO,pEla
skin,EMILIANO_FERRARESE,pel
skin,EMILIANO_REGGIANO,pEla
skin,FRENCH,po
skin,FRIULIAN,pel
skin,GALICIAN,pEl
skin,GASCON,pEt
skin,ITALIAN,pElle
skin,ITALIAN_GROSSETO_TUSCAN,pEle
skin,JUDEO_ESPAGNOL,kuero
skin,LANGUEDOCIEN,pel
skin,LIGURIAN_GENOESE,pele
skin,LIGURIAN_RAPALLO,pele
skin,LIGURIAN_STELLA,pEle
skin,LOMBARD_BERGAMO,pEl
skin,LOMBARD_PLESIO,pEl
skin,NEAPOLITAN_CALABRESE,pEl3
skin,NONES,pEl
skin,NONES_FASSANO,pel
skin,NONES_GARDENESE,pel
skin,OCCITAN_ARANESE,pEt
skin,PIEMONTESE_BARBANIA,pEl
skin,PIEMONTESE_CARMAGNOLA,pEl
skin,PIEMONTESE_LANZO_TORINESE,pEl
skin,PIEMONTESE_VERCELLESE,pEl
skin,PORTUGUESE,pEl3
skin,ROMAGNOL_RAVENNATE,pe3la
skin,ROMANIAN,pele
skin,ROMANIAN_2,pyele
skin,ROMANIAN_MEGLENO,koaZ3
skin,ROMANSH_GRISHUN,pel
skin,ROMANSH_SURMIRAN,pel
skin,ROMANSH_SURSILVAN,pal
skin,ROMANSH_VALLADER,pel
skin,SARDINIAN,pede
skin,SARDINIAN_CAMPIDANESE,pEdi
skin,SARDINIAN_LOGUDARESE,pede
skin,SICILIAN_UnnamedInSource,pedi
skin,SPANISH,piel
skin,TURIA_AROMANIAN,kali
skin,VALENCIAN,peL
skin,VLACH,kiali
name,SANSKRIT,nam3
name,ARAGONESE,nombre
name,ARPITAN,no
name,ASTURIAN,nome
name,BALEAR_CATALAN,nom
name,CATALAN,nom
name,CATALAN_2,nom
name,CORSICAN,nomu
name,DALMATIAN,nam
name,EMILIANO_CARPIGIANO,nom
name,EMILIANO_FERRARESE,nom
name,EMILIANO_REGGIANO,nom
name,FRENCH,no
name,FRIULIAN,non
name,GALICIAN,nome
name,GASCON,num
name,ITALIAN,nome
name,ITALIAN_GROSSETO_TUSCAN,nome
name,JUDEO_ESPAGNOL,nombre
name,LANGUEDOCIEN,nun
name,LIGURIAN_GENOESE,nume
name,LIGURIAN_RAPALLO,nume
name,LIGURIAN_STELLA,nume
name,LOMBARD_BERGAMO,nom
name,LOMBARD_PLESIO,nom
name,NEAPOLITAN_CALABRESE,nom3
name,NONES,nom
name,NONES_FASSANO,inom
name,NONES_GARDENESE,inwem
name,OCCITAN_ARANESE,nom
name,PIEMONTESE_BARBANIA,nom
name,PIEMONTESE_CARMAGNOLA,nom
name,PIEMONTESE_LANZO_TORINESE,nom
name,PIEMONTESE_VERCELLESE,nom
name,PORTUGUESE,nom3
name,ROMAGNOL_RAVENNATE,nom
name,ROMANIAN,nume
name,ROMANIAN_2,nume
name,ROMANIAN_MEGLENO,numi
name,ROMANSH_GRISHUN,num
name,ROMANSH_SURMIRAN,nom
name,ROMANSH_SURSILVAN,num
name,ROMANSH_VALLADER,nom
name,SARDINIAN,lumene
name,SARDINIAN_CAMPIDANESE,nomini
name,SARDINIAN_LOGUDARESE,lumene
name,SICILIAN_UnnamedInSource,nomi
name,SPANISH,nombre
name,VALENCIAN,nom
name,VLACH,numa
nose,SANSKRIT,nasika
nose,ARAGONESE,nari8
nose,ARPITAN,na
nose,ASTURIAN,nari8es
nose,BALEAR_CATALAN,nas
nose,CATALAN,nas
nose,CATALAN_2,nas
nose,CORSICAN,nasu
nose,DALMATIAN,nuos
nose,EMILIANO_CARPIGIANO,nEz
nose,EMILIANO_FERRARESE,nas
nose,EMILIANO_REGGIANO,nEs
nose,FRENCH,ne
nose,FRIULIAN,nas
nose,GALICIAN,nari8
nose,GASCON,nas
nose,ITALIAN,naso
nose,ITALIAN_GROSSETO_TUSCAN,naso
nose,JUDEO_ESPAGNOL,nariz
nose,LANGUEDOCIEN,nas
nose,LIGURIAN_GENOESE,nazu
nose,LIGURIAN_RAPALLO,nazu
nose,LIGURIAN_STELLA,nazu
nose,LOMBARD_BERGAMO,nas
nose,LOMBARD_PLESIO,nas
nose,NEAPOLITAN_CALABRESE,nas3
nose,NONES,nas
nose,NONES_FASSANO,nEs
nose,NONES_GARDENESE,nEs
nose,OCCITAN_ARANESE,nas
nose,PIEMONTESE_BARBANIA,nas
nose,PIEMONTESE_CARMAGNOLA,nas
nose,PIEMONTESE_LANZO_TORINESE,nas
nose,PIEMONTESE_VERCELLESE,nas
nose,PORTUGUESE,nariS
nose,ROMAGNOL_RAVENNATE,ne3z
nose,ROMANIAN,nas
nose,ROMANIAN_2,nas
nose,ROMANIAN_MEGLENO,nas
nose,ROMANSH_GRISHUN,nas
nose,ROMANSH_SURMIRAN,nas
nose,ROMANSH_SURSILVAN,nas
nose,ROMANSH_VALLADER,nas
nose,SARDINIAN,nasu
nose,SARDINIAN_CAMPIDANESE,nazu
nose,SARDINIAN_LOGUDARESE,nasu
nose,SICILIAN_UnnamedInSource,naska
nose,SPANISH,naris
nose,TURIA_AROMANIAN,nari
nose,VALENCIAN,nas
tooth,SANSKRIT,d3nt3h
tooth,ARAGONESE,dien
tooth,ARPITAN,dE
tooth,ASTURIAN,diente
tooth,BALEAR_CATALAN,dent
tooth,CATALAN,den
tooth,CATALAN_2,den
tooth,CORSICAN,dEnti
tooth,DALMATIAN,diant
tooth,EMILIANO_CARPIGIANO,dEynt
tooth,EMILIANO_FERRARESE,dent
tooth,EMILIANO_REGGIANO,dEynt
tooth,FRENCH,da
tooth,FRIULIAN,dint
tooth,GALICIAN,dEnte
tooth,GASCON,den
tooth,ITALIAN,dante
tooth,ITALIAN_GROSSETO_TUSCAN,dEnte
tooth,JUDEO_ESPAGNOL,dyente
tooth,LANGUEDOCIEN,den
tooth,LIGURIAN_GENOESE,dente
tooth,LIGURIAN_RAPALLO,dEnte
tooth,LIGURIAN_STELLA,dENCu
tooth,LOMBARD_BERGAMO,det
tooth,LOMBARD_PLESIO,denC
tooth,NEAPOLITAN_CALABRESE,dEnte
tooth,NONES,dEn
tooth,NONES_GARDENESE,d3nt
tooth,OCCITAN_ARANESE,den
tooth,PIEMONTESE_BARBANIA,deNt
tooth,PIEMONTESE_CARMAGNOLA,deNt
tooth,PIEMONTESE_LANZO_TORINESE,deNt
tooth,PIEMONTESE_VERCELLESE,deNC
tooth,PORTUGUESE,det3
tooth,ROMAGNOL_RAVENNATE,dent
tooth,ROMANIAN,dinte
tooth,ROMANIAN_2,dinte
tooth,ROMANIAN_MEGLENO,dinti
tooth,ROMANSH_GRISHUN,dEnt
tooth,ROMANSH_SURMIRAN,daynt
tooth,ROMANSH_SURSILVAN,dEnt
tooth,ROMANSH_VALLADER,daynt
tooth,SARDINIAN,dente
tooth,SARDINIAN_CAMPIDANESE,dEnti
tooth,SARDINIAN_LOGUDARESE,dente
tooth,SICILIAN_UnnamedInSource,denti
tooth,SPANISH,diente
tooth,TURIA_AROMANIAN,dini
tooth,VALENCIAN,dent
tooth,VLACH,dinti
sun,SANSKRIT,sury3h
sun,ARAGONESE,sol
sun,ARPITAN,solEL
sun,ASTURIAN,sol
sun,BALEAR_CATALAN,sol
sun,CATALAN,sol
sun,CATALAN_2,sol
sun,CORSICAN,soli
sun,DALMATIAN,saul
sun,EMILIANO_CARPIGIANO,sol
sun,EMILIANO_FERRARESE,sol
sun,EMILIANO_REGGIANO,sowl
sun,FRENCH,sole
sun,FRIULIAN,soreli
sun,GALICIAN,sol
sun,GASCON,sureL
sun,ITALIAN,sole
sun,ITALIAN_GROSSETO_TUSCAN,sole
sun,JUDEO_ESPAGNOL,sol
sun,LANGUEDOCIEN,sulel
sun,LIGURIAN_GENOESE,su
sun,LIGURIAN_RAPALLO,su
sun,LIGURIAN_STELLA,su
sun,LOMBARD_BERGAMO,sul
sun,LOMBARD_PLESIO,suu
sun,NEAPOLITAN_CALABRESE,sol3
sun,NONES,sol
sun,NONES_FASSANO,soreye
sun,NONES_GARDENESE,sur3dl
sun,OCCITAN_ARANESE,su
sun,PIEMONTESE_BARBANIA,sul
sun,PIEMONTESE_CARMAGNOLA,sul
sun,PIEMONTESE_LANZO_TORINESE,sul
sun,PIEMONTESE_VERCELLESE,sul
sun,PORTUGUESE,sol
sun,ROMAGNOL_RAVENNATE,sowl
sun,ROMANIAN,soare
sun,ROMANIAN_2,soare
sun,ROMANIAN_MEGLENO,soari
sun,ROMANSH_GRISHUN,suleL
sun,ROMANSH_SURMIRAN,suLeL
sun,ROMANSH_SURSILVAN,sulEL
sun,ROMANSH_VALLADER,sulay
sun,SARDINIAN,sole
sun,SARDINIAN_CAMPIDANESE,soli
sun,SARDINIAN_LOGUDARESE,sole
sun,SICILIAN_UnnamedInSource,suli
sun,SPANISH,sol
sun,VALENCIAN,sol
sun,VLACH,suari
tongue,SANSKRIT,Tjihva
tongue,ARAGONESE,lueNga
tongue,ARPITAN,lEwa
tongue,ASTURIAN,paladar
tongue,BALEAR_CATALAN,Leg3
tongue,CATALAN,LeNg3
tongue,CATALAN_2,Leg3
tongue,CORSICAN,liNgua
tongue,DALMATIAN,laNga
tongue,EMILIANO_CARPIGIANO,lENgva
tongue,EMILIANO_FERRARESE,lENgwa
tongue,EMILIANO_REGGIANO,lENgwa
tongue,FRENCH,lag
tongue,FRIULIAN,leNgE
tongue,GALICIAN,liNga
tongue,GASCON,leNo
tongue,ITALIAN,liNgwa
tongue,ITALIAN_GROSSETO_TUSCAN,lingwa
tongue,JUDEO_ESPAGNOL,lingua
tongue,LANGUEDOCIEN,leNo
tongue,LIGURIAN_GENOESE,liNgwa
tongue,LIGURIAN_RAPALLO,liNgwa
tongue,LIGURIAN_STELLA,lENgwa
tongue,LOMBARD_BERGAMO,lEngwa
tongue,LOMBARD_PLESIO,lengwa
tongue,NEAPOLITAN_CALABRESE,lengw3
tongue,NONES,lENa
tongue,NONES_GARDENESE,l3Nga
tongue,OCCITAN_ARANESE,leNuo
tongue,PIEMONTESE_BARBANIA,lENga
tongue,PIEMONTESE_CARMAGNOLA,leNga
tongue,PIEMONTESE_LANZO_TORINESE,lENga
tongue,PIEMONTESE_VERCELLESE,leNgwa
tongue,PORTUGUESE,ligua
tongue,ROMAGNOL_RAVENNATE,lengva
tongue,ROMANIAN,limb3
tongue,ROMANIAN_2,limb3
tongue,ROMANIAN_MEGLENO,limbe
tongue,ROMANSH_GRISHUN,lyewNg3
tongue,ROMANSH_SURMIRAN,LaNg3
tongue,ROMANSH_SURSILVAN,lEuNga
tongue,ROMANSH_VALLADER,lew3
tongue,SARDINIAN,limba
tongue,SARDINIAN_CAMPIDANESE,limba
tongue,SARDINIAN_LOGUDARESE,limba
tongue,SICILIAN_UnnamedInSource,liNa
tongue,SPANISH,lenga
tongue,TURIA_AROMANIAN,lima
tongue,VALENCIAN,Lega
tongue,VLACH,limba
drink,SANSKRIT,pa
drink,ARAGONESE,beber
drink,ARPITAN,bEa
drink,ASTURIAN,beber
drink,BALEAR_CATALAN,bEur3
drink,CATALAN,bEur3
drink,CATALAN_2,bEur3
drink,CORSICAN,biy
drink,DALMATIAN,bar
drink,EMILIANO_CARPIGIANO,bEvEr
drink,EMILIANO_FERRARESE,bEar
drink,EMILIANO_REGGIANO,bEvEr
drink,FRENCH,ba
drink,FRIULIAN,bevi
drink,GALICIAN,beber
drink,GASCON,beore
drink,ITALIAN,bere
drink,ITALIAN_GROSSETO_TUSCAN,bE
drink,JUDEO_ESPAGNOL,bever
drink,LANGUEDOCIEN,bewre
drink,LIGURIAN_GENOESE,bEyve
drink,LIGURIAN_RAPALLO,bEye
drink,LIGURIAN_STELLA,bEyve
drink,LOMBARD_BERGAMO,bif
drink,LOMBARD_PLESIO,bef
drink,NEAPOLITAN_CALABRESE,vEb3r3
drink,NONES,triNar
drink,NONES_FASSANO,beyver
drink,NONES_GARDENESE,bev3r
drink,OCCITAN_ARANESE,bEbe
drink,PIEMONTESE_BARBANIA,bEyve
drink,PIEMONTESE_CARMAGNOLA,bEyve
drink,PIEMONTESE_LANZO_TORINESE,bEyve
drink,PIEMONTESE_VERCELLESE,bevi
drink,PORTUGUESE,b3b
drink,ROMAGNOL_RAVENNATE,be
drink,ROMANIAN,bea
drink,ROMANIAN_2,bea
drink,ROMANIAN_MEGLENO,beaw
drink,ROMANSH_GRISHUN,bayv3r
drink,ROMANSH_SURMIRAN,bev3r
drink,ROMANSH_SURSILVAN,beibEr
drink,ROMANSH_VALLADER,bayv3r
drink,SARDINIAN,biere
drink,SARDINIAN_CAMPIDANESE,bufay
drink,SARDINIAN_LOGUDARESE,bufare
drink,SICILIAN_UnnamedInSource,biviri
drink,SPANISH,bebe
drink,VALENCIAN,bEure
drink,VLACH,abea
see,SANSKRIT,diS
see,ARAGONESE,beyer
see,ARPITAN,vEa
see,ASTURIAN,ver
see,BALEAR_CATALAN,vEur3
see,CATALAN,bEur3
see,CATALAN_2,bEur3
see,CORSICAN,vEnd
see,DALMATIAN,vedar
see,EMILIANO_CARPIGIANO,vEder
see,EMILIANO_FERRARESE,vEdar
see,EMILIANO_REGGIANO,vEder
see,FRENCH,va
see,FRIULIAN,viodi
see,GALICIAN,ber
see,GASCON,beze
see,ITALIAN,ved
see,ITALIAN_GROSSETO_TUSCAN,vedere
see,JUDEO_ESPAGNOL,ver
see,LANGUEDOCIEN,beyre
see,LIGURIAN_GENOESE,vede
see,LIGURIAN_RAPALLO,vede
see,LIGURIAN_STELLA,vyEy
see,LOMBARD_BERGAMO,Et
see,LOMBARD_PLESIO,vedE
see,NEAPOLITAN_CALABRESE,v3rE
see,NONES,vedEr
see,NONES_FASSANO,veder
see,NONES_GARDENESE,ud3y
see,OCCITAN_ARANESE,be8e
see,PIEMONTESE_BARBANIA,v3de
see,PIEMONTESE_CARMAGNOLA,v3de
see,PIEMONTESE_LANZO_TORINESE,v3di
see,PIEMONTESE_VERCELLESE,vogi
see,PORTUGUESE,ver
see,ROMAGNOL_RAVENNATE,vde
see,ROMANIAN,vedea
see,ROMANIAN_2,vedea
see,ROMANIAN_MEGLENO,vet
see,ROMANSH_GRISHUN,v3zayr
see,ROMANSH_SURMIRAN,vEkr
see,ROMANSH_SURSILVAN,v3zEr
see,ROMANSH_VALLADER,v3Cer
see,SARDINIAN,biere
see,SARDINIAN_CAMPIDANESE,biri
see,SARDINIAN_LOGUDARESE,biere
see,SICILIAN_UnnamedInSource,vidiri
see,SPANISH,ve
see,VALENCIAN,vEure
see,VLACH,vedu
die,SANSKRIT,mi
die,ARAGONESE,morir
die,ARPITAN,mori
die,ASTURIAN,morrer
die,BALEAR_CATALAN,muri
die,CATALAN,muri
die,CATALAN_2,muri
die,CORSICAN,mor
die,DALMATIAN,morar
die,EMILIANO_CARPIGIANO,murir
die,EMILIANO_FERRARESE,murir
die,EMILIANO_REGGIANO,murir
die,FRENCH,muri
die,FRIULIAN,murei
die,GALICIAN,morer
die,GASCON,kreba
die,ITALIAN,mor
die,ITALIAN_GROSSETO_TUSCAN,morire
die,JUDEO_ESPAGNOL,murir
die,LANGUEDOCIEN,kreba
die,LIGURIAN_GENOESE,mui
die,LIGURIAN_RAPALLO,mui
die,LIGURIAN_STELLA,mii
die,LOMBARD_BERGAMO,mor
die,LOMBARD_PLESIO,muri
die,NEAPOLITAN_CALABRESE,muri
die,NONES,morir
die,NONES_FASSANO,mori
die,NONES_GARDENESE,muri
die,OCCITAN_ARANESE,muri
die,PIEMONTESE_BARBANIA,moyre
die,PIEMONTESE_CARMAGNOLA,moyre
die,PIEMONTESE_LANZO_TORINESE,moyre
die,PIEMONTESE_VERCELLESE,mori
die,PORTUGUESE,mur
die,ROMAGNOL_RAVENNATE,muri
die,ROMANIAN,mur
die,ROMANIAN_2,deceda
die,ROMANIAN_MEGLENO,mor
die,ROMANSH_GRISHUN,murir
die,ROMANSH_SURMIRAN,murEkr
die,ROMANSH_SURSILVAN,murir
die,ROMANSH_VALLADER,murir
die,SARDINIAN,morere
die,SARDINIAN_CAMPIDANESE,mori
die,SARDINIAN_LOGUDARESE,morere
die,SICILIAN_UnnamedInSource,moriri
die,SPANISH,mori
die,VALENCIAN,morir
die,VLACH,moru
ear,SANSKRIT,k3rN3h
ear,ARAGONESE,oreLa
ear,ARPITAN,or3L3
ear,ASTURIAN,oreya
ear,BALEAR_CATALAN,orEL3
ear,CATALAN,urEL3
ear,CATALAN_2,urEL3
ear,CORSICAN,arETa
ear,DALMATIAN,rakla
ear,EMILIANO_CARPIGIANO,urECa
ear,EMILIANO_FERRARESE,urECa
ear,EMILIANO_REGGIANO,urECa
ear,FRENCH,ore
ear,FRIULIAN,oreli
ear,GALICIAN,orELa
ear,GASCON,aureyo
ear,ITALIAN,orekkyo
ear,ITALIAN_GROSSETO_TUSCAN,orekyo
ear,JUDEO_ESPAGNOL,orexa
ear,LANGUEDOCIEN,awreLo
ear,LIGURIAN_GENOESE,wEja
ear,LIGURIAN_RAPALLO,aweje
ear,LIGURIAN_STELLA,weja
ear,LOMBARD_BERGAMO,orEja
ear,LOMBARD_PLESIO,urEja
ear,NEAPOLITAN_CALABRESE,reky3
ear,NONES,rekla
ear,NONES_FASSANO,ureya
ear,NONES_GARDENESE,ur3dla
ear,OCCITAN_ARANESE,aureLo
ear,PIEMONTESE_BARBANIA,uriya
ear,PIEMONTESE_CARMAGNOLA,uriya
ear,PIEMONTESE_LANZO_TORINESE,uriya
ear,PIEMONTESE_VERCELLESE,uroZa
ear,PORTUGUESE,oraLa
ear,ROMAGNOL_RAVENNATE,urECa
ear,ROMANIAN,ureke
ear,ROMANIAN_2,ureke
ear,ROMANIAN_MEGLENO,ureakL3
ear,ROMANSH_GRISHUN,ureL3
ear,ROMANSH_SURMIRAN,urey3
ear,ROMANSH_SURSILVAN,ureL3
ear,ROMANSH_VALLADER,uraL3
ear,SARDINIAN,uriga
ear,SARDINIAN_CAMPIDANESE,orixa
ear,SARDINIAN_LOGUDARESE,orikra
ear,SICILIAN_UnnamedInSource,orikia
ear,SPANISH,oreha
ear,TURIA_AROMANIAN,ureakLi
ear,VALENCIAN,orELa
ear,VLACH,uriacli
mountain,SANSKRIT,p3rv3t3h
mountain,ARAGONESE,mon
mountain,ARPITAN,mota5i
mountain,ASTURIAN,monte
mountain,BALEAR_CATALAN,munta53
mountain,CATALAN,mon
mountain,CATALAN_2,munta53
mountain,CORSICAN,muntanTa
mountain,DALMATIAN,muant
mountain,EMILIANO_CARPIGIANO,munta5a
mountain,EMILIANO_FERRARESE,munta5a
mountain,EMILIANO_REGGIANO,munta5a
mountain,FRENCH,motaj
mountain,FRIULIAN,mont
mountain,GALICIAN,monta5a
mountain,GASCON,munta5o
mountain,ITALIAN,monta5a
mountain,ITALIAN_GROSSETO_TUSCAN,monata5a
mountain,JUDEO_ESPAGNOL,monta5a
mountain,LANGUEDOCIEN,munta5o
mountain,LIGURIAN_GENOESE,briku
mountain,LIGURIAN_RAPALLO,munta5a
mountain,LIGURIAN_STELLA,briku
mountain,LOMBARD_BERGAMO,monta5a
mountain,LOMBARD_PLESIO,munta5a
mountain,NEAPOLITAN_CALABRESE,munta53
mountain,NONES,mon
mountain,NONES_FASSANO,krepa
mountain,NONES_GARDENESE,kr3p
mountain,OCCITAN_ARANESE,muna5o
mountain,PIEMONTESE_BARBANIA,muNta5a
mountain,PIEMONTESE_CARMAGNOLA,muNta5a
mountain,PIEMONTESE_LANZO_TORINESE,muNta5a
mountain,PIEMONTESE_VERCELLESE,muNta5a
mountain,PORTUGUESE,mota5a
mountain,ROMAGNOL_RAVENNATE,mownt
mountain,ROMANIAN,munte
mountain,ROMANIAN_2,colina
mountain,ROMANIAN_MEGLENO,munti
mountain,ROMANSH_GRISHUN,munto53
mountain,ROMANSH_SURMIRAN,munto53
mountain,ROMANSH_SURSILVAN,kuolm
mountain,ROMANSH_VALLADER,munto53
mountain,SARDINIAN,munta5a
mountain,SARDINIAN_CAMPIDANESE,monti
mountain,SARDINIAN_LOGUDARESE,monte
mountain,SICILIAN_UnnamedInSource,munta5a
mountain,SPANISH,sero
mountain,TURIA_AROMANIAN,muni
mountain,VALENCIAN,munta5a
mountain,VLACH,mundi
eye,SANSKRIT,netr3m
eye,ARAGONESE,geLo
eye,ARPITAN,yi
eye,ASTURIAN,ueyu
eye,BALEAR_CATALAN,uL
eye,CATALAN,uL
eye,CATALAN_2,uL
eye,CORSICAN,oTi
eye,DALMATIAN,vaklo
eye,EMILIANO_CARPIGIANO,oC
eye,EMILIANO_FERRARESE,oC
eye,EMILIANO_REGGIANO,oC
eye,FRENCH,3y
eye,FRIULIAN,voli
eye,GALICIAN,oLo
eye,GASCON,wey
eye,ITALIAN,okkyo
eye,ITALIAN_GROSSETO_TUSCAN,okyo
eye,JUDEO_ESPAGNOL,oxo
eye,LANGUEDOCIEN,ieL
eye,LIGURIAN_GENOESE,Eju
eye,LIGURIAN_RAPALLO,Eju
eye,LIGURIAN_STELLA,Eju
eye,LOMBARD_BERGAMO,oC
eye,LOMBARD_PLESIO,oC
eye,NEAPOLITAN_CALABRESE,woky3
eye,NONES,ocEl
eye,NONES_FASSANO,eye
eye,NONES_GARDENESE,wedl
eye,OCCITAN_ARANESE,ueL
eye,PIEMONTESE_BARBANIA,oy
eye,PIEMONTESE_CARMAGNOLA,oy
eye,PIEMONTESE_LANZO_TORINESE,oy
eye,PIEMONTESE_VERCELLESE,oC
eye,PORTUGUESE,oLu
eye,ROMAGNOL_RAVENNATE,oC
eye,ROMANIAN,ok
eye,ROMANIAN_2,oky
eye,ROMANIAN_MEGLENO,wokLu
eye,ROMANSH_GRISHUN,eL
eye,ROMANSH_SURMIRAN,iL
eye,ROMANSH_SURSILVAN,eL
eye,ROMANSH_VALLADER,oL
eye,SARDINIAN,ogu
eye,SARDINIAN_CAMPIDANESE,oxu
eye,SARDINIAN_LOGUDARESE,okru
eye,SICILIAN_UnnamedInSource,okiu
eye,SPANISH,oho
eye,TURIA_AROMANIAN,okLu
eye,VALENCIAN,uL
eye,VLACH,okklu
stone,SANSKRIT,pr3st3r3h
stone,ARAGONESE,pe5a
stone,ARPITAN,pEri
stone,ASTURIAN,piedra
stone,BALEAR_CATALAN,pedr3
stone,CATALAN,pe8r3
stone,CATALAN_2,pe8r3
stone,CORSICAN,kota
stone,DALMATIAN,pitra
stone,EMILIANO_CARPIGIANO,jarown
stone,EMILIANO_FERRARESE,prEda
stone,EMILIANO_REGGIANO,preda
stone,FRENCH,per
stone,FRIULIAN,perE
stone,GALICIAN,pEdra
stone,GASCON,pEiro
stone,ITALIAN,pyEtra
stone,ITALIAN_GROSSETO_TUSCAN,saso
stone,JUDEO_ESPAGNOL,pyedra
stone,LANGUEDOCIEN,pEyro
stone,LIGURIAN_GENOESE,pria
stone,LIGURIAN_RAPALLO,pria
stone,LIGURIAN_STELLA,prEya
stone,LOMBARD_BERGAMO,preda
stone,LOMBARD_PLESIO,sas
stone,NEAPOLITAN_CALABRESE,prEt3
stone,NONES,sas
stone,NONES_FASSANO,sas
stone,NONES_GARDENESE,sas
stone,OCCITAN_ARANESE,pEiro
stone,PIEMONTESE_BARBANIA,pEra
stone,PIEMONTESE_CARMAGNOLA,pera
stone,PIEMONTESE_LANZO_TORINESE,pEra
stone,PIEMONTESE_VERCELLESE,prEya
stone,PORTUGUESE,pEdra
stone,ROMAGNOL_RAVENNATE,sas
stone,ROMANIAN,patr3
stone,ROMANIAN_2,pyatr3
stone,ROMANIAN_MEGLENO,rop3
stone,ROMANSH_GRISHUN,krap
stone,ROMANSH_SURMIRAN,krap
stone,ROMANSH_SURSILVAN,krap
stone,ROMANSH_VALLADER,krap
stone,SARDINIAN,pedra
stone,SARDINIAN_CAMPIDANESE,perda
stone,SARDINIAN_LOGUDARESE,perda
stone,SICILIAN_UnnamedInSource,petra
stone,SPANISH,piedra
stone,TURIA_AROMANIAN,kitriCa
stone,VALENCIAN,pe8ra
stone,VLACH,gena
person,SANSKRIT,manuS3h
person,ARAGONESE,ombre
person,ARPITAN,omu
person,ASTURIAN,persona
person,BALEAR_CATALAN,p3rson3
person,CATALAN,p3rson3
person,CATALAN_2,p3rson3
person,CORSICAN,nimu
person,DALMATIAN,om
person,EMILIANO_CARPIGIANO,om
person,EMILIANO_FERRARESE,styan
person,EMILIANO_REGGIANO,om
person,FRENCH,om
person,FRIULIAN,pErsoN
person,GALICIAN,ome
person,GASCON,omi
person,ITALIAN,persona
person,ITALIAN_GROSSETO_TUSCAN,omo
person,JUDEO_ESPAGNOL,persona
person,LANGUEDOCIEN,persuno
person,LIGURIAN_GENOESE,omu
person,LIGURIAN_RAPALLO,omu
person,LIGURIAN_STELLA,kristyaN
person,LOMBARD_BERGAMO,om
person,LOMBARD_PLESIO,om
person,NEAPOLITAN_CALABRESE,kr3styan3
person,NONES,om
person,NONES_FASSANO,om
person,NONES_GARDENESE,womo
person,OCCITAN_ARANESE,persuno
person,PIEMONTESE_BARBANIA,om
person,PIEMONTESE_CARMAGNOLA,om
person,PIEMONTESE_LANZO_TORINESE,om
person,PIEMONTESE_VERCELLESE,omaN
person,PORTUGUESE,pErzon
person,ROMAGNOL_RAVENNATE,sCan
person,ROMANIAN,persoan3
person,ROMANIAN_2,om
person,ROMANIAN_MEGLENO,wom
person,ROMANSH_GRISHUN,k3rSTawn
person,ROMANSH_SURMIRAN,k3rstaN
person,ROMANSH_SURSILVAN,pErsun3
person,ROMANSH_VALLADER,uman
person,SARDINIAN,pesone
person,SARDINIAN_CAMPIDANESE,omini
person,SARDINIAN_LOGUDARESE,omine
person,SICILIAN_UnnamedInSource,pirsuna
person,SPANISH,persona
person,TURIA_AROMANIAN,om
person,VALENCIAN,persone
person,VLACH,omu
one,SANSKRIT,ek3h
one,ARAGONESE,un
one,ARPITAN,yo
one,ASTURIAN,un
one,BALEAR_CATALAN,uns
one,CATALAN,un
one,CATALAN_2,uns
one,CORSICAN,unu
one,DALMATIAN,yoin
one,EMILIANO_CARPIGIANO,un
one,EMILIANO_FERRARESE,un
one,EMILIANO_REGGIANO,un
one,FRENCH,oe
one,FRIULIAN,uN
one,GALICIAN,un
one,GASCON,i
one,ITALIAN,uno
one,ITALIAN_GROSSETO_TUSCAN,uno
one,JUDEO_ESPAGNOL,uno
one,LANGUEDOCIEN,i
one,LIGURIAN_GENOESE,uN
one,LIGURIAN_RAPALLO,uN
one,LIGURIAN_STELLA,uN
one,LOMBARD_BERGAMO,u
one,LOMBARD_PLESIO,vuN
one,NEAPOLITAN_CALABRESE,un3
one,NONES,un
one,NONES_FASSANO,uN
one,NONES_GARDENESE,uN
one,OCCITAN_ARANESE,iN
one,PIEMONTESE_BARBANIA,uN
one,PIEMONTESE_CARMAGNOLA,uN
one,PIEMONTESE_LANZO_TORINESE,uN
one,PIEMONTESE_VERCELLESE,yuN
one,PORTUGUESE,u
one,ROMAGNOL_RAVENNATE,own
one,ROMANIAN,unu
one,ROMANIAN_2,unu
one,ROMANIAN_MEGLENO,un
one,ROMANSH_GRISHUN,en
one,ROMANSH_SURMIRAN,en
one,ROMANSH_SURSILVAN,in
one,ROMANSH_VALLADER,un
one,SARDINIAN,unu
one,SARDINIAN_CAMPIDANESE,unu
one,SARDINIAN_LOGUDARESE,unu
one,SICILIAN_UnnamedInSource,unu
one,SPANISH,uno
one,TURIA_AROMANIAN,un
one,VALENCIAN,uns
one,VLACH,unu
knee,SANSKRIT,Tanu
knee,ARAGONESE,CinoLo
knee,ARPITAN,Z3nu
knee,ASTURIAN,rodia
knee,BALEAR_CATALAN,Z3noL
knee,CATALAN,j3noL
knee,CATALAN_2,Z3noL
knee,CORSICAN,vinoTi
knee,DALMATIAN,Zinuak
knee,EMILIANO_CARPIGIANO,znoC
knee,EMILIANO_FERRARESE,ZnoC
knee,EMILIANO_REGGIANO,ZnoC
knee,FRENCH,j3nu
knee,FRIULIAN,zEnoli
knee,GALICIAN,SeonLo
knee,GASCON,Zuy
knee,ITALIAN,jinokkyo
knee,ITALIAN_GROSSETO_TUSCAN,Zinkyo
knee,JUDEO_ESPAGNOL,rodiyas
knee,LANGUEDOCIEN,jenul
knee,LIGURIAN_GENOESE,Zenuju
knee,LIGURIAN_RAPALLO,zenuju
knee,LIGURIAN_STELLA,Zenuju
knee,LOMBARD_BERGAMO,jonoC
knee,LOMBARD_PLESIO,jinoC
knee,NEAPOLITAN_CALABRESE,d3nuky3
knee,NONES,zinocEl
knee,NONES_FASSANO,Z3neye
knee,NONES_GARDENESE,Z3nodl
knee,OCCITAN_ARANESE,ZuL
knee,PIEMONTESE_BARBANIA,Zinuy
knee,PIEMONTESE_CARMAGNOLA,Zinuy
knee,PIEMONTESE_LANZO_TORINESE,Zinuy
knee,PIEMONTESE_VERCELLESE,ZnoC
knee,PORTUGUESE,ZuaLu
knee,ROMAGNOL_RAVENNATE,ZnoC
knee,ROMANIAN,jenuNk
knee,ROMANIAN_2,jenuNky
knee,ROMANIAN_MEGLENO,zinkLu
knee,ROMANSH_GRISHUN,Z3neye
knee,ROMANSH_SURMIRAN,g3nuL
knee,ROMANSH_SURSILVAN,SanuL
knee,ROMANSH_VALLADER,ZnwoL
knee,SARDINIAN,enugu
knee,SARDINIAN_CAMPIDANESE,jenuxu
knee,SARDINIAN_LOGUDARESE,benukru
knee,SICILIAN_UnnamedInSource,dinokiu
knee,SPANISH,rodiya
knee,TURIA_AROMANIAN,cinukLu
knee,VALENCIAN,CinoL
knee,VLACH,cinuklu
hand,SANSKRIT,h3st3h
hand,ARAGONESE,man
hand,ARPITAN,ma
hand,ASTURIAN,mano
hand,BALEAR_CATALAN,ma
hand,CATALAN,ma
hand,CATALAN_2,ma
hand,CORSICAN,mani
hand,DALMATIAN,muoN
hand,EMILIANO_CARPIGIANO,maN
hand,EMILIANO_FERRARESE,mans
hand,EMILIANO_REGGIANO,man
hand,FRENCH,ma
hand,FRIULIAN,man
hand,GALICIAN,man
hand,GASCON,ma
hand,ITALIAN,mano
hand,ITALIAN_GROSSETO_TUSCAN,mano
hand,JUDEO_ESPAGNOL,mano
hand,LANGUEDOCIEN,ma
hand,LIGURIAN_GENOESE,maN
hand,LIGURIAN_RAPALLO,maN
hand,LIGURIAN_STELLA,maN
hand,LOMBARD_BERGAMO,ma
hand,LOMBARD_PLESIO,maN
hand,NEAPOLITAN_CALABRESE,man3
hand,NONES,man
hand,NONES_FASSANO,ma5
hand,NONES_GARDENESE,ma5
hand,OCCITAN_ARANESE,maN
hand,PIEMONTESE_BARBANIA,maN
hand,PIEMONTESE_CARMAGNOLA,maN
hand,PIEMONTESE_LANZO_TORINESE,maN
hand,PIEMONTESE_VERCELLESE,maN
hand,PORTUGUESE,mau
hand,ROMAGNOL_RAVENNATE,man
hand,ROMANIAN,m3n3
hand,ROMANIAN_2,m3n3
hand,ROMANIAN_MEGLENO,mon3
hand,ROMANSH_GRISHUN,mawn
hand,ROMANSH_SURMIRAN,maN
hand,ROMANSH_SURSILVAN,maun
hand,ROMANSH_VALLADER,man
hand,SARDINIAN,manu
hand,SARDINIAN_CAMPIDANESE,manu
hand,SARDINIAN_LOGUDARESE,manu
hand,SICILIAN_UnnamedInSource,manu
hand,SPANISH,mano
hand,TURIA_AROMANIAN,mana
hand,VALENCIAN,ma
hand,VLACH,mina
blood,SANSKRIT,rudir3m
blood,ARAGONESE,saNgre
blood,ARPITAN,so
blood,ASTURIAN,saNgre
blood,BALEAR_CATALAN,saN
blood,CATALAN,saN
blood,CATALAN_2,saN
blood,CORSICAN,saNgwi
blood,DALMATIAN,suoNg
blood,EMILIANO_CARPIGIANO,saNgev
blood,EMILIANO_FERRARESE,saNg
blood,EMILIANO_REGGIANO,saNgov
blood,FRENCH,sa
blood,FRIULIAN,saNk
blood,GALICIAN,saNge
blood,GASCON,saN
blood,ITALIAN,saNgwe
blood,ITALIAN_GROSSETO_TUSCAN,sangwe
blood,JUDEO_ESPAGNOL,saNgre
blood,LANGUEDOCIEN,saN
blood,LIGURIAN_GENOESE,saNgwe
blood,LIGURIAN_RAPALLO,saNgwe
blood,LIGURIAN_STELLA,saNgwe
blood,LOMBARD_BERGAMO,sank
blood,LOMBARD_PLESIO,sank
blood,NEAPOLITAN_CALABRESE,sang3
blood,NONES,saN
blood,NONES_FASSANO,saNk
blood,NONES_GARDENESE,saNk
blood,OCCITAN_ARANESE,saN
blood,PIEMONTESE_BARBANIA,saNg
blood,PIEMONTESE_CARMAGNOLA,saNg
blood,PIEMONTESE_LANZO_TORINESE,saNg
blood,PIEMONTESE_VERCELLESE,saN
blood,PORTUGUESE,sax3
blood,ROMAGNOL_RAVENNATE,saNgv
blood,ROMANIAN,s3nje
blood,ROMANIAN_2,s3nje
blood,ROMANIAN_MEGLENO,sonzi
blood,ROMANSH_GRISHUN,saNk
blood,ROMANSH_SURMIRAN,saNk
blood,ROMANSH_SURSILVAN,sauN
blood,ROMANSH_VALLADER,saNk
blood,SARDINIAN,sambene
blood,SARDINIAN_CAMPIDANESE,SaNguni
blood,SARDINIAN_LOGUDARESE,sambene
blood,SICILIAN_UnnamedInSource,saNgu
blood,SPANISH,sangre
blood,TURIA_AROMANIAN,sani
blood,VALENCIAN,saN
blood,VLACH,sinca
